{
  "registers": {
    "froakie": {
      "normal": {
        "isShiny": false,
        "status": "CAUGHT",
        "discoveredTimestamp": 1723681064175,
        "caughtTimestamp": 1723681064175
      }
    },
    "sprigatito": {
      "normal": {
        "isShiny": false,
        "status": "CAUGHT",
        "discoveredTimestamp": 1723681146147,
        "caughtTimestamp": 1723681146147
      }
    },
    "charmander": {
      "normal": {
        "isShiny": false,
        "status": "CAUGHT",
        "discoveredTimestamp": 1723681152727,
        "caughtTimestamp": 1723681152727
      }
    }
  }
}