{
  "registers": {
    "froakie": {
      "normal": {
        "isShiny": false,
        "status": "CAUGHT",
        "discoveredTimestamp": 1723681064175,
        "caughtTimestamp": 1723681064175
      }
    },
    "sprigatito": {
      "normal": {
        "isShiny": false,
        "status": "CAUGHT",
        "discoveredTimestamp": 1723681146147,
        "caughtTimestamp": 1723681146147
      }
    },
    "charmander": {
      "normal": {
        "isShiny": false,
        "status": "CAUGHT",
        "discoveredTimestamp": 1723681152727,
        "caughtTimestamp": 1723681152727
      }
    },
    "pidgey": {
      "normal": {
        "isShiny": false,
        "status": "CAUGHT",
        "discoveredTimestamp": 1723683071866,
        "caughtTimestamp": 1723683071866
      }
    },
    "pichu": {
      "normal": {
        "isShiny": false,
        "status": "CAUGHT",
        "discoveredTimestamp": 1723683400971,
        "caughtTimestamp": 1723683400971
      }
    },
    "spearow": {
      "normal": {
        "isShiny": false,
        "status": "SEEN",
        "discoveredTimestamp": 1723683801727
      }
    },
    "lillipup": {
      "normal": {
        "isShiny": false,
        "status": "SEEN",
        "discoveredTimestamp": 1723683827134
      }
    },
    "arbok": {
      "normal": {
        "isShiny": false,
        "status": "SEEN",
        "discoveredTimestamp": 1723683840585
      }
    },
    "koffing": {
      "normal": {
        "isShiny": false,
        "status": "SEEN",
        "discoveredTimestamp": 1723683887361
      }
    },
    "squawkabilly": {
      "normal": {
        "isShiny": false,
        "status": "SEEN",
        "discoveredTimestamp": 1723683924631
      }
    },
    "pelipper": {
      "normal": {
        "isShiny": false,
        "status": "SEEN",
        "discoveredTimestamp": 1723683981202
      }
    },
    "snubbull": {
      "normal": {
        "isShiny": false,
        "status": "SEEN",
        "discoveredTimestamp": 1723684016485
      }
    },
    "ekans": {
      "normal": {
        "isShiny": false,
        "status": "SEEN",
        "discoveredTimestamp": 1723684032755
      }
    },
    "krabby": {
      "normal": {
        "isShiny": false,
        "status": "SEEN",
        "discoveredTimestamp": 1723684072208
      }
    },
    "crabrawler": {
      "normal": {
        "isShiny": false,
        "status": "SEEN",
        "discoveredTimestamp": 1723684079358
      }
    },
    "doduo": {
      "normal": {
        "isShiny": false,
        "status": "SEEN",
        "discoveredTimestamp": 1723684105954
      }
    },
    "miltank": {
      "normal": {
        "isShiny": false,
        "status": "SEEN",
        "discoveredTimestamp": 1723684113258
      }
    },
    "fidough": {
      "normal": {
        "isShiny": false,
        "status": "SEEN",
        "discoveredTimestamp": 1723684194354
      }
    },
    "phanpy": {
      "normal": {
        "isShiny": false,
        "status": "SEEN",
        "discoveredTimestamp": 1723684219355
      }
    }
  }
}