{"stats":{"minecraft:used":{"minecraft:leather_leggings":1,"minecraft:spruce_door":1,"minecraft:stone_shovel":109,"minecraft:stone_pickaxe":105,"minecraft:oak_planks":12,"minecraft:chest":6,"minecraft:wooden_pickaxe":7,"minecraft:wooden_shovel":59,"minecraft:dirt":20,"minecraft:crafting_table":9,"minecraft:red_bed":7,"minecraft:wooden_axe":47,"minecraft:melon_slice":64,"minecraft:bamboo":1,"minecraft:stone_axe":40,"minecraft:cobblestone":5,"minecraft:furnace":4,"minecraft:oak_boat":5,"minecraft:egg":1,"minecraft:experience_bottle":1},"minecraft:custom":{"minecraft:interact_with_furnace":6,"minecraft:mob_kills":30,"minecraft:interact_with_crafting_table":14,"minecraft:time_since_death":153504,"minecraft:sleep_in_bed":6,"minecraft:climb_one_cm":4423,"minecraft:time_since_rest":12720,"minecraft:sprint_one_cm":332177,"minecraft:damage_taken":264,"minecraft:walk_one_cm":228983,"minecraft:drop":14,"minecraft:damage_dealt":2628,"minecraft:talked_to_villager":1,"minecraft:swim_one_cm":48099,"minecraft:fly_one_cm":827630,"minecraft:open_chest":25,"minecraft:crouch_one_cm":447,"minecraft:play_time":153504,"minecraft:sneak_time":1064,"minecraft:walk_under_water_one_cm":18304,"minecraft:boat_one_cm":369751,"minecraft:jump":2455,"minecraft:walk_on_water_one_cm":25928,"minecraft:total_world_time":153504,"minecraft:fall_one_cm":60449},"minecraft:dropped":{"cobblemon_armor_sets:cosplaymakingguide":1,"minecraft:wheat_seeds":6,"minecraft:chicken":1,"minecraft:white_bed":1,"patchouli:guide_book":1,"minecraft:red_bed":1,"minecraft:rabbit":1,"minecraft:oak_sapling":1,"minecraft:bamboo":7,"minecraft:beef":18,"minecraft:wooden_pickaxe":1,"minecraft:string":1,"minecraft:lily_pad":9},"minecraft:crafted":{"minecraft:stone_shovel":1,"minecraft:wooden_shovel":1,"minecraft:oak_planks":84,"minecraft:crafting_table":1,"minecraft:wooden_pickaxe":1,"minecraft:furnace":1,"minecraft:copper_ingot":4,"minecraft:stone_axe":1,"cobblemon:premier_ball":8,"minecraft:air":0,"minecraft:oak_boat":1,"minecraft:stick":12,"minecraft:stone_pickaxe":1,"minecraft:wooden_axe":1,"minecraft:chest":2,"cobblemon_armor_sets:cosplaymakingguide":1,"cobblemon:citrine_ball":4},"minecraft:picked_up":{"minecraft:crafting_table":8,"minecraft:feather":1,"cobblemon_armor_sets:pokemon_scraps":3,"minecraft:chicken":1,"cobblemon:yellow_apricorn":7,"minecraft:leather":12,"cobblemon:red_apricorn":2,"minecraft:wooden_pickaxe":1,"minecraft:oak_log":21,"minecraft:lily_pad":9,"minecraft:golden_sword":1,"minecraft:golden_boots":1,"minecraft:string":1,"minecraft:dirt":182,"minecraft:red_bed":8,"minecraft:raw_copper":205,"cobblemon:white_apricorn":12,"minecraft:coast_armor_trim_smithing_template":4,"cobblemon:link_cable":1,"minecraft:wheat_seeds":8,"cobblemon:black_apricorn":6,"cobblemon:green_apricorn":1,"cobblemon:white_apricorn_seed":3,"minecraft:iron_ingot":14,"minecraft:beef":72,"minecraft:oak_boat":4,"minecraft:rabbit":1,"minecraft:bamboo":8,"minecraft:melon_slice":70,"minecraft:chest":4,"minecraft:egg":1,"minecraft:furnace":3,"minecraft:raw_iron":18,"patchouli:guide_book":3,"minecraft:copper_ingot":3,"unimplemented_items:dry_root":7,"cobblemon:yellow_apricorn_seed":3,"cobblemon:pink_apricorn":2,"minecraft:spruce_door":1,"cobblemon_armor_sets:cosplaymakingguide":1,"minecraft:oak_sapling":1,"minecraft:mutton":50,"minecraft:coal":69,"minecraft:white_wool":31,"minecraft:cobblestone":40},"minecraft:mined":{"minecraft:red_bed":7,"minecraft:spruce_door":1,"minecraft:mangrove_roots":1,"minecraft:crafting_table":8,"minecraft:grass_block":99,"minecraft:melon":15,"minecraft:chest":4,"minecraft:tall_grass":4,"minecraft:copper_ore":19,"minecraft:furnace":3,"minecraft:mud":3,"minecraft:iron_ore":6,"minecraft:fire":1,"minecraft:grass":90,"minecraft:oak_log":21,"minecraft:coal_ore":23,"minecraft:dirt":87,"minecraft:bamboo":1,"minecraft:stone":41,"minecraft:oak_leaves":4,"minecraft:fern":2},"minecraft:killed":{"minecraft:sheep":19,"minecraft:cow":11},"minecraft:broken":{"minecraft:wooden_shovel":1,"minecraft:wooden_axe":1}},"DataVersion":3465}