{"stats":{"minecraft:used":{"minecraft:wooden_axe":30,"minecraft:melon_slice":7,"minecraft:stone_pickaxe":21,"minecraft:wooden_pickaxe":7,"minecraft:cobblestone":4,"minecraft:crafting_table":3,"minecraft:red_bed":1},"minecraft:custom":{"minecraft:time_since_rest":5000,"minecraft:sprint_one_cm":40920,"minecraft:damage_taken":40,"minecraft:walk_one_cm":83052,"minecraft:mob_kills":4,"minecraft:drop":3,"minecraft:damage_dealt":389,"minecraft:swim_one_cm":1046,"minecraft:interact_with_crafting_table":5,"minecraft:fly_one_cm":347421,"minecraft:open_chest":1,"minecraft:crouch_one_cm":225,"minecraft:play_time":39504,"minecraft:sneak_time":579,"minecraft:walk_under_water_one_cm":123,"minecraft:jump":319,"minecraft:walk_on_water_one_cm":989,"minecraft:time_since_death":39504,"minecraft:sleep_in_bed":1,"minecraft:climb_one_cm":412,"minecraft:total_world_time":39504,"minecraft:fall_one_cm":5606},"minecraft:dropped":{"minecraft:wooden_pickaxe":1,"minecraft:white_bed":1,"patchouli:guide_book":1},"minecraft:crafted":{"minecraft:oak_planks":24,"minecraft:crafting_table":1,"minecraft:stick":8,"minecraft:wooden_pickaxe":1,"minecraft:stone_pickaxe":1,"minecraft:wooden_axe":1,"minecraft:furnace":1},"minecraft:picked_up":{"minecraft:crafting_table":3,"patchouli:guide_book":1,"cobblemon:yellow_apricorn":6,"minecraft:leather":2,"minecraft:wooden_pickaxe":1,"unimplemented_items:dry_root":7,"minecraft:oak_log":6,"cobblemon:pink_apricorn":1,"minecraft:red_bed":2,"minecraft:raw_copper":28,"cobblemon:white_apricorn":5,"minecraft:wheat_seeds":4,"minecraft:beef":3,"minecraft:bamboo":8,"minecraft:melon_slice":67,"minecraft:mutton":1,"minecraft:white_wool":1,"minecraft:cobblestone":16},"minecraft:mined":{"minecraft:red_bed":2,"minecraft:crafting_table":3,"minecraft:grass":80,"minecraft:oak_log":6,"minecraft:melon":15,"minecraft:copper_ore":9,"minecraft:tall_grass":4,"minecraft:bamboo":1,"minecraft:stone":16,"minecraft:fern":2},"minecraft:killed":{"minecraft:sheep":1,"minecraft:cow":3}},"DataVersion":3465}