{"stats":{"minecraft:used":{"minecraft:wooden_axe":40,"minecraft:melon_slice":13,"minecraft:stone_pickaxe":43,"minecraft:wooden_pickaxe":7,"minecraft:cobblestone":4,"minecraft:crafting_table":4,"minecraft:red_bed":2,"minecraft:furnace":1},"minecraft:custom":{"minecraft:time_since_rest":2783,"minecraft:interact_with_furnace":3,"minecraft:sprint_one_cm":89325,"minecraft:damage_taken":70,"minecraft:walk_one_cm":106915,"minecraft:mob_kills":7,"minecraft:drop":4,"minecraft:damage_dealt":629,"minecraft:swim_one_cm":1890,"minecraft:interact_with_crafting_table":6,"minecraft:fly_one_cm":400343,"minecraft:open_chest":1,"minecraft:crouch_one_cm":444,"minecraft:play_time":51504,"minecraft:sneak_time":665,"minecraft:walk_under_water_one_cm":184,"minecraft:jump":603,"minecraft:walk_on_water_one_cm":1238,"minecraft:time_since_death":51504,"minecraft:sleep_in_bed":2,"minecraft:climb_one_cm":1250,"minecraft:total_world_time":51504,"minecraft:fall_one_cm":11593},"minecraft:dropped":{"minecraft:chicken":1,"minecraft:wooden_pickaxe":1,"minecraft:white_bed":1,"patchouli:guide_book":1},"minecraft:crafted":{"minecraft:oak_planks":24,"minecraft:crafting_table":1,"minecraft:stick":8,"minecraft:wooden_pickaxe":1,"minecraft:stone_pickaxe":1,"minecraft:wooden_axe":1,"cobblemon_armor_sets:cosplaymakingguide":1,"minecraft:furnace":1,"minecraft:copper_ingot":4,"cobblemon:premier_ball":8,"cobblemon:citrine_ball":4,"minecraft:air":0},"minecraft:picked_up":{"minecraft:raw_iron":6,"minecraft:crafting_table":4,"minecraft:feather":1,"minecraft:chicken":1,"minecraft:copper_ingot":3,"patchouli:guide_book":1,"cobblemon:yellow_apricorn":6,"cobblemon:red_apricorn":1,"minecraft:leather":2,"minecraft:wooden_pickaxe":1,"unimplemented_items:dry_root":7,"minecraft:oak_log":6,"cobblemon:pink_apricorn":1,"minecraft:red_bed":3,"minecraft:raw_copper":49,"cobblemon:white_apricorn":9,"minecraft:wheat_seeds":5,"cobblemon:white_apricorn_seed":1,"minecraft:beef":3,"minecraft:rabbit":1,"minecraft:bamboo":8,"minecraft:melon_slice":70,"minecraft:mutton":5,"minecraft:coal":16,"minecraft:white_wool":4,"minecraft:cobblestone":16,"minecraft:furnace":1},"minecraft:mined":{"minecraft:furnace":1,"minecraft:red_bed":3,"minecraft:iron_ore":6,"minecraft:crafting_table":4,"minecraft:grass":81,"minecraft:coal_ore":14,"minecraft:oak_log":6,"minecraft:melon":15,"minecraft:copper_ore":9,"minecraft:tall_grass":4,"minecraft:bamboo":1,"minecraft:stone":16,"minecraft:oak_leaves":4,"minecraft:fern":2},"minecraft:killed":{"minecraft:sheep":4,"minecraft:cow":3}},"DataVersion":3465}