{"stats":{"minecraft:custom":{"minecraft:jump":104,"minecraft:time_since_rest":27504,"minecraft:crouch_one_cm":58,"minecraft:damage_dealt":9,"minecraft:sprint_one_cm":12565,"minecraft:play_time":27504,"minecraft:damage_taken":20,"minecraft:time_since_death":27504,"minecraft:walk_one_cm":28296,"minecraft:sneak_time":441,"minecraft:total_world_time":27504,"minecraft:drop":2,"minecraft:fall_one_cm":2345,"minecraft:fly_one_cm":310742},"minecraft:dropped":{"minecraft:white_bed":1,"patchouli:guide_book":1},"minecraft:picked_up":{"cobblemon:white_apricorn":3,"cobblemon:pink_apricorn":1,"patchouli:guide_book":1,"cobblemon:yellow_apricorn":1}},"DataVersion":3465}