{"stats":{"minecraft:used":{"minecraft:leather_leggings":1,"minecraft:spruce_door":1,"minecraft:stone_pickaxe":81,"minecraft:oak_planks":12,"minecraft:wooden_pickaxe":7,"minecraft:dirt":20,"minecraft:crafting_table":6,"minecraft:red_bed":4,"minecraft:wooden_axe":47,"minecraft:melon_slice":42,"minecraft:bamboo":1,"minecraft:stone_axe":13,"minecraft:cobblestone":5,"minecraft:furnace":1,"minecraft:oak_boat":5,"minecraft:egg":1},"minecraft:custom":{"minecraft:interact_with_furnace":3,"minecraft:mob_kills":18,"minecraft:interact_with_crafting_table":8,"minecraft:time_since_death":117504,"minecraft:sleep_in_bed":4,"minecraft:climb_one_cm":4423,"minecraft:time_since_rest":3180,"minecraft:sprint_one_cm":235274,"minecraft:damage_taken":139,"minecraft:walk_one_cm":180843,"minecraft:drop":11,"minecraft:damage_dealt":1668,"minecraft:talked_to_villager":1,"minecraft:swim_one_cm":37851,"minecraft:fly_one_cm":606456,"minecraft:open_chest":7,"minecraft:crouch_one_cm":447,"minecraft:play_time":117504,"minecraft:sneak_time":795,"minecraft:walk_under_water_one_cm":5236,"minecraft:boat_one_cm":236099,"minecraft:jump":1673,"minecraft:walk_on_water_one_cm":21369,"minecraft:total_world_time":117504,"minecraft:fall_one_cm":35447},"minecraft:dropped":{"cobblemon_armor_sets:cosplaymakingguide":1,"minecraft:wheat_seeds":6,"minecraft:chicken":1,"minecraft:white_bed":1,"patchouli:guide_book":1,"minecraft:oak_sapling":1,"minecraft:bamboo":7,"minecraft:wooden_pickaxe":1,"minecraft:string":1,"minecraft:lily_pad":9},"minecraft:crafted":{"minecraft:oak_planks":60,"minecraft:crafting_table":1,"minecraft:wooden_pickaxe":1,"minecraft:furnace":1,"minecraft:copper_ingot":4,"minecraft:stone_axe":1,"cobblemon:premier_ball":8,"minecraft:air":0,"minecraft:oak_boat":1,"minecraft:stick":8,"minecraft:stone_pickaxe":1,"minecraft:wooden_axe":1,"cobblemon_armor_sets:cosplaymakingguide":1,"cobblemon:citrine_ball":4},"minecraft:picked_up":{"minecraft:crafting_table":6,"minecraft:feather":1,"minecraft:chicken":1,"cobblemon:yellow_apricorn":7,"minecraft:leather":6,"cobblemon:red_apricorn":1,"minecraft:wooden_pickaxe":1,"minecraft:oak_log":15,"minecraft:lily_pad":9,"minecraft:string":1,"minecraft:dirt":20,"minecraft:red_bed":5,"minecraft:raw_copper":87,"cobblemon:white_apricorn":10,"minecraft:wheat_seeds":6,"cobblemon:black_apricorn":2,"cobblemon:green_apricorn":1,"cobblemon:white_apricorn_seed":1,"minecraft:beef":18,"minecraft:oak_boat":4,"minecraft:rabbit":1,"minecraft:bamboo":8,"minecraft:melon_slice":70,"minecraft:egg":1,"minecraft:furnace":1,"minecraft:raw_iron":6,"patchouli:guide_book":1,"minecraft:copper_ingot":3,"unimplemented_items:dry_root":7,"cobblemon:yellow_apricorn_seed":1,"cobblemon:pink_apricorn":1,"minecraft:spruce_door":1,"minecraft:oak_sapling":1,"minecraft:mutton":8,"minecraft:coal":25,"minecraft:white_wool":7,"minecraft:cobblestone":19},"minecraft:mined":{"minecraft:red_bed":5,"minecraft:spruce_door":1,"minecraft:mangrove_roots":1,"minecraft:crafting_table":6,"minecraft:grass_block":12,"minecraft:melon":15,"minecraft:tall_grass":4,"minecraft:copper_ore":19,"minecraft:furnace":1,"minecraft:mud":3,"minecraft:iron_ore":6,"minecraft:grass":83,"minecraft:oak_log":15,"minecraft:coal_ore":23,"minecraft:dirt":10,"minecraft:bamboo":1,"minecraft:stone":19,"minecraft:oak_leaves":4,"minecraft:fern":2},"minecraft:killed":{"minecraft:sheep":7,"minecraft:cow":11},"minecraft:broken":{"minecraft:wooden_axe":1}},"DataVersion":3465}