{"stats":{"minecraft:used":{"minecraft:stone_pickaxe":71,"minecraft:wooden_pickaxe":7,"minecraft:dirt":9,"minecraft:crafting_table":4,"minecraft:red_bed":2,"minecraft:wooden_axe":47,"minecraft:melon_slice":24,"minecraft:bamboo":1,"minecraft:cobblestone":4,"minecraft:furnace":1,"minecraft:egg":1},"minecraft:custom":{"minecraft:interact_with_furnace":3,"minecraft:mob_kills":14,"minecraft:interact_with_crafting_table":6,"minecraft:time_since_death":81504,"minecraft:sleep_in_bed":2,"minecraft:climb_one_cm":1292,"minecraft:time_since_rest":32783,"minecraft:sprint_one_cm":144947,"minecraft:damage_taken":70,"minecraft:walk_one_cm":130698,"minecraft:drop":6,"minecraft:damage_dealt":1268,"minecraft:swim_one_cm":10262,"minecraft:fly_one_cm":461928,"minecraft:open_chest":1,"minecraft:crouch_one_cm":444,"minecraft:play_time":81504,"minecraft:sneak_time":674,"minecraft:walk_under_water_one_cm":764,"minecraft:jump":870,"minecraft:walk_on_water_one_cm":4042,"minecraft:total_world_time":81504,"minecraft:fall_one_cm":18196},"minecraft:dropped":{"cobblemon_armor_sets:cosplaymakingguide":1,"minecraft:chicken":1,"minecraft:white_bed":1,"patchouli:guide_book":1,"minecraft:bamboo":7,"minecraft:wooden_pickaxe":1},"minecraft:crafted":{"minecraft:oak_planks":24,"minecraft:crafting_table":1,"minecraft:wooden_pickaxe":1,"minecraft:furnace":1,"minecraft:copper_ingot":4,"cobblemon:premier_ball":8,"minecraft:air":0,"minecraft:stick":8,"minecraft:stone_pickaxe":1,"minecraft:wooden_axe":1,"cobblemon_armor_sets:cosplaymakingguide":1,"cobblemon:citrine_ball":4},"minecraft:picked_up":{"minecraft:crafting_table":4,"minecraft:feather":1,"minecraft:chicken":1,"cobblemon:yellow_apricorn":6,"minecraft:leather":5,"cobblemon:red_apricorn":1,"minecraft:wooden_pickaxe":1,"minecraft:oak_log":6,"minecraft:dirt":9,"minecraft:red_bed":3,"minecraft:raw_copper":87,"cobblemon:white_apricorn":9,"minecraft:wheat_seeds":5,"cobblemon:black_apricorn":2,"cobblemon:white_apricorn_seed":1,"minecraft:beef":11,"minecraft:rabbit":1,"minecraft:bamboo":8,"minecraft:melon_slice":70,"minecraft:egg":1,"minecraft:furnace":1,"minecraft:raw_iron":6,"patchouli:guide_book":1,"minecraft:copper_ingot":3,"unimplemented_items:dry_root":7,"cobblemon:pink_apricorn":1,"minecraft:mutton":8,"minecraft:coal":25,"minecraft:white_wool":7,"minecraft:cobblestone":19},"minecraft:mined":{"minecraft:red_bed":3,"minecraft:crafting_table":4,"minecraft:grass_block":4,"minecraft:melon":15,"minecraft:tall_grass":4,"minecraft:copper_ore":19,"minecraft:furnace":1,"minecraft:iron_ore":6,"minecraft:grass":82,"minecraft:oak_log":6,"minecraft:coal_ore":23,"minecraft:dirt":5,"minecraft:bamboo":1,"minecraft:stone":19,"minecraft:oak_leaves":4,"minecraft:fern":2},"minecraft:killed":{"minecraft:sheep":7,"minecraft:cow":7},"minecraft:broken":{"minecraft:wooden_axe":1}},"DataVersion":3465}