{"stats":{"minecraft:used":{"minecraft:stone_pickaxe":82,"minecraft:wooden_pickaxe":6,"minecraft:sand":14,"minecraft:crafting_table":5,"minecraft:wooden_axe":19,"minecraft:grass_block":5,"minecraft:bread":8,"minecraft:stone_axe":7,"minecraft:furnace":1,"minecraft:oak_boat":1},"minecraft:custom":{"minecraft:interact_with_furnace":4,"minecraft:mob_kills":2,"minecraft:interact_with_crafting_table":8,"minecraft:leave_game":1,"minecraft:time_since_death":52807,"minecraft:sleep_in_bed":1,"minecraft:climb_one_cm":296,"minecraft:time_since_rest":17000,"minecraft:sprint_one_cm":72153,"minecraft:damage_taken":170,"minecraft:walk_one_cm":68710,"minecraft:drop":14,"minecraft:damage_dealt":160,"minecraft:swim_one_cm":16020,"minecraft:fly_one_cm":498771,"minecraft:open_chest":14,"minecraft:crouch_one_cm":3161,"minecraft:play_time":52807,"minecraft:sneak_time":2541,"minecraft:walk_under_water_one_cm":1400,"minecraft:boat_one_cm":5895,"minecraft:jump":666,"minecraft:walk_on_water_one_cm":6286,"minecraft:total_world_time":52807,"minecraft:fall_one_cm":17731},"minecraft:dropped":{"minecraft:crafting_table":1,"minecraft:rotten_flesh":10,"patchouli:guide_book":2,"minecraft:stick":2,"cobbledex:cobbledex_item":1,"minecraft:orange_terracotta":1,"minecraft:cut_sandstone":3,"minecraft:oak_sapling":4,"gravestone:obituary":1,"minecraft:sandstone":27,"minecraft:white_wool":2,"minecraft:chiseled_sandstone":2,"minecraft:bone":2},"minecraft:crafted":{"minecraft:oak_planks":36,"minecraft:crafting_table":1,"cobblemon:verdant_ball":4,"minecraft:wooden_pickaxe":1,"minecraft:furnace":1,"minecraft:copper_ingot":2,"cobblemon:roseate_ball":4,"minecraft:stone_axe":1,"minecraft:bread":15,"minecraft:air":0,"minecraft:oak_boat":1,"minecraft:stick":8,"minecraft:stone_pickaxe":1,"minecraft:wooden_axe":1,"minecraft:acacia_planks":40,"minecraft:wheat":45},"minecraft:picked_up":{"minecraft:crafting_table":6,"minecraft:cut_sandstone":7,"cobblemon:pinap_berry":3,"minecraft:oak_log":9,"gravestone:obituary":1,"minecraft:gunpowder":13,"minecraft:raw_copper":8,"minecraft:orange_terracotta":2,"minecraft:bone":2,"cobblemon:black_apricorn":1,"cobblemon:green_apricorn":7,"cobblemon:oran_berry":15,"minecraft:chest":4,"cobblemon:green_apricorn_seed":1,"minecraft:stick":2,"minecraft:sandstone":27,"minecraft:acacia_log":10,"cobblemon:fire_stone":1,"minecraft:sand":33,"cobblemon:pink_apricorn":4,"minecraft:chiseled_sandstone":4,"minecraft:stone_pressure_plate":1,"minecraft:tnt":9,"minecraft:blue_terracotta":1,"minecraft:rotten_flesh":10,"minecraft:hay_block":5,"minecraft:oak_sapling":4,"minecraft:mutton":2,"minecraft:coal":31,"minecraft:white_wool":2,"minecraft:cobblestone":18},"minecraft:mined":{"minecraft:cut_sandstone":7,"minecraft:stone_pressure_plate":1,"minecraft:orange_terracotta":1,"minecraft:crafting_table":5,"minecraft:acacia_log":10,"cobblemon:fire_stone_ore":1,"minecraft:chest":4,"minecraft:copper_ore":4,"minecraft:sandstone":27,"minecraft:hay_block":5,"minecraft:blue_terracotta":1,"minecraft:furnace":1,"minecraft:chiseled_sandstone":2,"minecraft:tnt":9,"minecraft:oak_log":9,"minecraft:coal_ore":16,"minecraft:sand":3,"minecraft:stone":18},"minecraft:killed":{"minecraft:sheep":2}},"DataVersion":3465}