{"stats":{"minecraft:used":{"minecraft:sand":13},"minecraft:custom":{"minecraft:jump":105,"minecraft:time_since_rest":16807,"minecraft:crouch_one_cm":381,"minecraft:leave_game":1,"minecraft:play_time":16807,"minecraft:sprint_one_cm":7782,"minecraft:damage_taken":60,"minecraft:time_since_death":16807,"minecraft:walk_one_cm":4907,"minecraft:sneak_time":521,"minecraft:climb_one_cm":156,"minecraft:total_world_time":16807,"minecraft:fall_one_cm":2879,"minecraft:fly_one_cm":260321},"minecraft:picked_up":{"minecraft:sand":13}},"DataVersion":3465}