{"stats":{"minecraft:used":{"minecraft:wooden_axe":15,"minecraft:grass_block":5,"minecraft:bread":5,"minecraft:sand":13,"minecraft:crafting_table":2},"minecraft:custom":{"minecraft:time_since_rest":5000,"minecraft:sprint_one_cm":47158,"minecraft:damage_taken":170,"minecraft:walk_one_cm":48670,"minecraft:mob_kills":2,"minecraft:drop":4,"minecraft:damage_dealt":160,"minecraft:interact_with_crafting_table":2,"minecraft:swim_one_cm":13937,"minecraft:fly_one_cm":425856,"minecraft:open_chest":4,"minecraft:crouch_one_cm":681,"minecraft:play_time":40807,"minecraft:sneak_time":1311,"minecraft:walk_under_water_one_cm":1128,"minecraft:jump":399,"minecraft:leave_game":1,"minecraft:walk_on_water_one_cm":3857,"minecraft:time_since_death":40807,"minecraft:sleep_in_bed":1,"minecraft:climb_one_cm":296,"minecraft:total_world_time":40807,"minecraft:fall_one_cm":9917},"minecraft:dropped":{"cobbledex:cobbledex_item":1,"gravestone:obituary":1,"patchouli:guide_book":2},"minecraft:crafted":{"minecraft:oak_planks":20,"minecraft:crafting_table":1,"minecraft:stick":4,"minecraft:wooden_pickaxe":1,"minecraft:wooden_axe":1,"minecraft:acacia_planks":40,"minecraft:bread":15,"minecraft:wheat":45},"minecraft:picked_up":{"minecraft:stick":2,"minecraft:crafting_table":2,"minecraft:acacia_log":10,"minecraft:sand":13,"minecraft:oak_log":5,"gravestone:obituary":1,"cobblemon:pink_apricorn":4,"cobblemon:black_apricorn":1,"cobblemon:green_apricorn":7,"minecraft:hay_block":5,"cobblemon:oran_berry":9,"minecraft:oak_sapling":4,"minecraft:mutton":2,"cobblemon:green_apricorn_seed":1,"minecraft:white_wool":2},"minecraft:mined":{"minecraft:hay_block":5,"minecraft:crafting_table":2,"minecraft:acacia_log":10,"minecraft:oak_log":5},"minecraft:killed":{"minecraft:sheep":2}},"DataVersion":3465}