{"stats":{"minecraft:used":{"minecraft:sand":13,"minecraft:grass_block":3},"minecraft:custom":{"minecraft:jump":121,"minecraft:open_chest":1,"minecraft:time_since_rest":28807,"minecraft:walk_on_water_one_cm":514,"minecraft:crouch_one_cm":532,"minecraft:leave_game":1,"minecraft:play_time":28807,"minecraft:sprint_one_cm":12247,"minecraft:damage_taken":60,"minecraft:time_since_death":28807,"minecraft:walk_one_cm":14741,"minecraft:sneak_time":961,"minecraft:climb_one_cm":156,"minecraft:total_world_time":28807,"minecraft:drop":4,"minecraft:fall_one_cm":2879,"minecraft:fly_one_cm":365177},"minecraft:dropped":{"gravestone:obituary":1,"patchouli:guide_book":2,"cobbledex:cobbledex_item":1},"minecraft:picked_up":{"gravestone:obituary":1,"minecraft:sand":13}},"DataVersion":3465}