{"stats":{"minecraft:used":{"minecraft:stone_pickaxe":123,"minecraft:ladder":2,"minecraft:oak_planks":1,"minecraft:chest":4,"minecraft:wooden_pickaxe":6,"minecraft:sandstone":26,"minecraft:cut_sandstone":4,"minecraft:sand":21,"minecraft:crafting_table":8,"minecraft:white_bed":2,"minecraft:wooden_axe":19,"minecraft:wooden_hoe":51,"minecraft:grass_block":5,"minecraft:bread":20,"minecraft:stone_axe":12,"minecraft:furnace":1,"minecraft:oak_boat":1,"minecraft:orange_terracotta":2,"cobblemon:blue_apricorn_seed":1},"minecraft:custom":{"minecraft:interact_with_furnace":4,"minecraft:mob_kills":3,"minecraft:interact_with_crafting_table":11,"minecraft:leave_game":1,"minecraft:time_since_death":106807,"minecraft:sleep_in_bed":3,"minecraft:climb_one_cm":3311,"minecraft:time_since_rest":18640,"minecraft:sprint_one_cm":235493,"minecraft:damage_taken":495,"minecraft:walk_one_cm":123208,"minecraft:drop":15,"minecraft:damage_dealt":360,"minecraft:swim_one_cm":23332,"minecraft:fly_one_cm":841795,"minecraft:open_chest":30,"minecraft:crouch_one_cm":5278,"minecraft:play_time":106807,"minecraft:sneak_time":3084,"minecraft:walk_under_water_one_cm":3995,"minecraft:boat_one_cm":46440,"minecraft:jump":2121,"minecraft:walk_on_water_one_cm":15884,"minecraft:total_world_time":106807,"minecraft:fall_one_cm":66002},"minecraft:dropped":{"unimplemented_items:dry_root":1,"minecraft:crafting_table":1,"minecraft:rotten_flesh":10,"patchouli:guide_book":2,"minecraft:stick":2,"cobbledex:cobbledex_item":1,"minecraft:orange_terracotta":1,"minecraft:cut_sandstone":3,"minecraft:oak_sapling":4,"gravestone:obituary":1,"minecraft:sandstone":27,"minecraft:white_wool":2,"minecraft:chiseled_sandstone":2,"minecraft:bone":2},"minecraft:crafted":{"minecraft:oak_planks":44,"minecraft:crafting_table":2,"cobblemon:verdant_ball":4,"minecraft:wooden_pickaxe":1,"minecraft:furnace":1,"minecraft:copper_ingot":2,"cobblemon:roseate_ball":4,"minecraft:stone_axe":1,"minecraft:bread":129,"minecraft:air":0,"minecraft:oak_boat":1,"minecraft:wooden_hoe":1,"minecraft:stick":12,"minecraft:stone_pickaxe":1,"minecraft:wooden_axe":1,"minecraft:acacia_planks":40,"minecraft:wheat":387},"minecraft:picked_up":{"minecraft:stripped_oak_log":2,"minecraft:crafting_table":8,"minecraft:feather":2,"minecraft:ladder":2,"minecraft:chicken":3,"minecraft:cut_sandstone":11,"cobblemon:red_apricorn":2,"cobblemon:pinap_berry":15,"minecraft:oak_log":9,"gravestone:obituary":1,"minecraft:gunpowder":13,"minecraft:raw_copper":8,"minecraft:orange_terracotta":4,"minecraft:bone":4,"minecraft:wheat_seeds":14,"cobblemon:black_apricorn":3,"cobblemon:green_apricorn":7,"cobblemon:oran_berry":15,"cobblemon:relic_coin":33,"minecraft:sugar_cane":13,"minecraft:chest":4,"cobblemon:green_apricorn_seed":1,"minecraft:stick":2,"minecraft:sandstone":53,"cobblemon:black_apricorn_seed":1,"unimplemented_items:dry_root":4,"minecraft:acacia_log":10,"cobblemon:blue_apricorn_seed":1,"cobblemon:fire_stone":1,"cobblemon:rawst_berry":6,"minecraft:sand":34,"cobblemon:pink_apricorn":4,"minecraft:white_bed":2,"minecraft:chiseled_sandstone":4,"minecraft:stone_pressure_plate":2,"minecraft:tnt":18,"minecraft:blue_terracotta":1,"minecraft:rotten_flesh":13,"minecraft:hay_block":58,"cobblemon:verdant_ball":1,"minecraft:oak_sapling":4,"cobblemon:blue_apricorn":11,"minecraft:mutton":2,"minecraft:coal":31,"minecraft:white_wool":2,"minecraft:cobblestone":18},"minecraft:mined":{"minecraft:cut_sandstone":11,"minecraft:stone_pressure_plate":1,"minecraft:white_bed":2,"minecraft:orange_terracotta":3,"minecraft:crafting_table":7,"minecraft:ladder":2,"minecraft:acacia_log":10,"cobblemon:fire_stone_ore":1,"minecraft:chest":4,"minecraft:tall_grass":1,"minecraft:copper_ore":4,"minecraft:sugar_cane":6,"minecraft:sandstone":53,"minecraft:hay_block":58,"minecraft:blue_terracotta":1,"minecraft:furnace":1,"minecraft:chiseled_sandstone":2,"minecraft:tnt":18,"minecraft:grass":18,"minecraft:oak_log":9,"minecraft:coal_ore":16,"minecraft:gravel":1,"minecraft:sand":4,"minecraft:stripped_oak_log":2,"minecraft:stone":18,"minecraft:oak_leaves":1},"minecraft:killed":{"minecraft:husk":1,"minecraft:sheep":2}},"DataVersion":3465}