{"stats":{"minecraft:used":{"minecraft:cooked_mutton":1,"minecraft:stone_sword":27,"minecraft:stone_pickaxe":31,"minecraft:chest":2,"minecraft:wooden_pickaxe":28,"minecraft:cooked_chicken":1,"minecraft:orange_bed":2,"minecraft:crafting_table":5,"minecraft:red_bed":1,"minecraft:wooden_axe":37,"minecraft:stone_axe":263,"minecraft:furnace":3,"minecraft:cooked_beef":2},"minecraft:custom":{"minecraft:interact_with_furnace":16,"minecraft:mob_kills":14,"minecraft:interact_with_crafting_table":13,"minecraft:time_since_death":81679,"minecraft:sleep_in_bed":3,"minecraft:time_since_rest":18640,"minecraft:sprint_one_cm":318099,"minecraft:damage_taken":115,"minecraft:walk_one_cm":227266,"minecraft:drop":7,"minecraft:damage_dealt":1210,"minecraft:swim_one_cm":5818,"minecraft:fly_one_cm":588653,"minecraft:open_chest":21,"minecraft:play_time":107472,"minecraft:deaths":1,"minecraft:sneak_time":252,"minecraft:walk_under_water_one_cm":1997,"minecraft:jump":453,"minecraft:walk_on_water_one_cm":9239,"minecraft:total_world_time":107472,"minecraft:fall_one_cm":6556},"minecraft:dropped":{"minecraft:clay_ball":2,"minecraft:oak_planks":1,"minecraft:dirt":12,"minecraft:red_bed":1,"gravestone:obituary":1,"minecraft:sand":2,"minecraft:wooden_pickaxe":1},"minecraft:crafted":{"minecraft:cooked_beef":6,"minecraft:oak_planks":72,"minecraft:crafting_table":2,"minecraft:wooden_pickaxe":1,"minecraft:cooked_chicken":1,"cobblemon:slate_ball":4,"minecraft:furnace":2,"minecraft:copper_ingot":11,"minecraft:stone_axe":2,"minecraft:cooked_mutton":13,"minecraft:charcoal":25,"minecraft:stick":16,"minecraft:stone_pickaxe":2,"minecraft:wooden_axe":1,"minecraft:stone_sword":1,"minecraft:chest":2},"minecraft:picked_up":{"minecraft:birch_log":88,"minecraft:crafting_table":3,"minecraft:air":0,"minecraft:feather":1,"minecraft:chicken":3,"minecraft:clay_ball":2,"cobblemon:yellow_apricorn":1,"minecraft:leather":4,"cobblemon:slate_ball":1,"minecraft:oak_log":219,"minecraft:string":1,"minecraft:dirt":18,"minecraft:red_bed":1,"cobblemon:pink_apricorn_seed":1,"minecraft:raw_copper":27,"cobblemon:white_apricorn":5,"minecraft:stonecutter":1,"minecraft:wheat_seeds":1,"cobblemon:black_apricorn":4,"minecraft:cartography_table":1,"cobblemon:green_apricorn":5,"minecraft:rabbit_hide":1,"minecraft:beef":14,"minecraft:grindstone":1,"minecraft:rabbit":1,"minecraft:birch_sapling":1,"cobbledex:cobbledex_item":1,"minecraft:egg":2,"minecraft:furnace":1,"cobblemon:chilan_berry":10,"minecraft:stick":1,"patchouli:guide_book":2,"cobblemon:black_apricorn_seed":1,"minecraft:porkchop":1,"minecraft:sand":2,"cobblemon:persim_berry":15,"cobblemon:pink_apricorn":5,"minecraft:orange_bed":2,"minecraft:honey_bottle":1,"minecraft:hay_block":8,"minecraft:oak_sapling":1,"minecraft:mutton":13,"minecraft:white_wool":9,"minecraft:cobblestone":34},"minecraft:mined":{"cobblemon:apricorn_leaves":2,"minecraft:crafting_table":3,"minecraft:grass_block":6,"minecraft:tall_grass":2,"minecraft:copper_ore":8,"minecraft:grindstone":1,"minecraft:cartography_table":1,"minecraft:hay_block":8,"minecraft:furnace":1,"minecraft:birch_log":95,"minecraft:birch_leaves":5,"minecraft:grass":8,"minecraft:oak_log":208,"minecraft:acacia_fence":1,"minecraft:sand":2,"minecraft:dirt":12,"minecraft:stonecutter":1,"minecraft:stone":34,"minecraft:oak_leaves":2,"minecraft:orange_bed":2},"minecraft:killed":{"minecraft:sheep":7,"minecraft:chicken":1,"minecraft:cow":6},"minecraft:broken":{"minecraft:stone_axe":2}},"DataVersion":3465}