{"stats":{"minecraft:used":{"minecraft:wooden_axe":16,"minecraft:wooden_pickaxe":27,"minecraft:crafting_table":1,"minecraft:red_bed":1},"minecraft:custom":{"minecraft:time_since_rest":15717,"minecraft:sprint_one_cm":80312,"minecraft:damage_taken":95,"minecraft:walk_one_cm":75510,"minecraft:mob_kills":1,"minecraft:drop":2,"minecraft:damage_dealt":40,"minecraft:interact_with_crafting_table":1,"minecraft:fly_one_cm":540244,"minecraft:open_chest":2,"minecraft:play_time":41472,"minecraft:deaths":1,"minecraft:sneak_time":240,"minecraft:walk_under_water_one_cm":127,"minecraft:jump":170,"minecraft:walk_on_water_one_cm":2876,"minecraft:time_since_death":15679,"minecraft:sleep_in_bed":1,"minecraft:total_world_time":41472,"minecraft:fall_one_cm":2150},"minecraft:dropped":{"minecraft:red_bed":1,"gravestone:obituary":1},"minecraft:crafted":{"minecraft:oak_planks":64,"minecraft:crafting_table":1,"minecraft:stick":4,"minecraft:wooden_pickaxe":1,"minecraft:wooden_axe":1},"minecraft:picked_up":{"cobblemon:chilan_berry":2,"minecraft:crafting_table":1,"minecraft:chicken":1,"patchouli:guide_book":2,"cobblemon:yellow_apricorn":1,"minecraft:oak_log":30,"cobblemon:pink_apricorn":5,"minecraft:red_bed":1,"minecraft:dirt":7,"cobblemon:pink_apricorn_seed":1,"cobblemon:white_apricorn":1,"cobblemon:green_apricorn":1,"cobbledex:cobbledex_item":1,"minecraft:cobblestone":25,"minecraft:egg":2},"minecraft:mined":{"minecraft:birch_leaves":1,"minecraft:crafting_table":1,"cobblemon:apricorn_leaves":2,"minecraft:grass_block":2,"minecraft:oak_log":30,"minecraft:dirt":5,"minecraft:stone":25},"minecraft:killed":{"minecraft:chicken":1}},"DataVersion":3465}