{"stats":{"minecraft:used":{"minecraft:cooked_mutton":7,"minecraft:stone_sword":52,"minecraft:stone_pickaxe":101,"minecraft:chest":2,"minecraft:wooden_pickaxe":28,"minecraft:cooked_chicken":1,"minecraft:torch":3,"minecraft:orange_bed":2,"minecraft:crafting_table":6,"minecraft:red_bed":1,"minecraft:wooden_axe":37,"minecraft:iron_pickaxe":227,"minecraft:stone_axe":263,"minecraft:cobblestone":22,"minecraft:furnace":4,"minecraft:cooked_beef":2},"minecraft:custom":{"minecraft:interact_with_furnace":20,"minecraft:mob_kills":19,"minecraft:interact_with_crafting_table":22,"minecraft:time_since_death":27718,"minecraft:sleep_in_bed":3,"minecraft:time_since_rest":27751,"minecraft:sprint_one_cm":364987,"minecraft:damage_taken":1400,"minecraft:walk_one_cm":320067,"minecraft:drop":14,"minecraft:damage_dealt":2137,"minecraft:swim_one_cm":5818,"minecraft:fly_one_cm":599614,"minecraft:crouch_one_cm":2862,"minecraft:open_chest":30,"minecraft:play_time":143472,"minecraft:deaths":2,"minecraft:sneak_time":1889,"minecraft:walk_under_water_one_cm":3174,"minecraft:jump":727,"minecraft:walk_on_water_one_cm":20487,"minecraft:total_world_time":143472,"minecraft:fall_one_cm":21659},"minecraft:dropped":{"minecraft:porkchop":2,"minecraft:tuff":2,"minecraft:feather":1,"minecraft:dripstone_block":5,"minecraft:clay_ball":2,"minecraft:oak_planks":1,"minecraft:dirt":18,"minecraft:red_bed":1,"gravestone:obituary":2,"minecraft:sand":2,"minecraft:wooden_pickaxe":1},"minecraft:crafted":{"minecraft:cooked_beef":6,"minecraft:oak_planks":72,"minecraft:crafting_table":3,"cobblemon:verdant_ball":4,"minecraft:wooden_pickaxe":1,"minecraft:cooked_chicken":1,"cobblemon:slate_ball":4,"minecraft:furnace":3,"minecraft:copper_ingot":11,"cobblemon:roseate_ball":4,"cobblemon:premier_ball":4,"minecraft:stone_axe":3,"minecraft:cooked_mutton":13,"minecraft:charcoal":25,"minecraft:stick":20,"minecraft:iron_ingot":3,"minecraft:iron_pickaxe":1,"minecraft:stone_pickaxe":2,"minecraft:wooden_axe":1,"minecraft:stone_sword":1,"minecraft:chest":2,"minecraft:torch":24},"minecraft:picked_up":{"minecraft:birch_log":89,"minecraft:crafting_table":3,"minecraft:air":0,"minecraft:feather":1,"minecraft:chicken":3,"minecraft:clay_ball":2,"cobblemon:yellow_apricorn":1,"minecraft:leather":4,"minecraft:tuff":2,"cobblemon:slate_ball":2,"minecraft:oak_log":219,"minecraft:lapis_lazuli":7,"minecraft:string":1,"minecraft:dirt":18,"minecraft:red_bed":1,"cobblemon:pink_apricorn_seed":1,"minecraft:raw_copper":147,"cobblemon:white_apricorn":5,"minecraft:raw_gold":24,"minecraft:cobbled_deepslate":73,"minecraft:stonecutter":1,"minecraft:wheat_seeds":1,"cobblemon:black_apricorn":4,"minecraft:cartography_table":1,"cobblemon:green_apricorn":10,"minecraft:iron_ingot":1,"minecraft:rabbit_hide":1,"minecraft:beef":14,"minecraft:grindstone":1,"minecraft:rabbit":1,"minecraft:birch_sapling":1,"cobblemon:green_apricorn_seed":2,"cobbledex:cobbledex_item":1,"minecraft:egg":2,"minecraft:furnace":1,"cobblemon:chilan_berry":10,"minecraft:stick":3,"minecraft:raw_iron":57,"patchouli:guide_book":2,"cobblemon:payapa_berry":1,"cobblemon:black_apricorn_seed":1,"minecraft:torch":1,"minecraft:dripstone_block":5,"minecraft:porkchop":2,"minecraft:sand":2,"cobblemon:persim_berry":15,"minecraft:pointed_dripstone":7,"cobblemon:pink_apricorn":5,"minecraft:redstone":117,"minecraft:orange_bed":2,"minecraft:honey_bottle":1,"minecraft:rotten_flesh":6,"minecraft:diamond":4,"minecraft:hay_block":8,"minecraft:oak_sapling":2,"cobblemon:verdant_ball":3,"minecraft:mutton":13,"minecraft:white_wool":9,"minecraft:cobblestone":80},"minecraft:mined":{"minecraft:deepslate_redstone_ore":19,"minecraft:tuff":2,"minecraft:deepslate_diamond_ore":4,"minecraft:torch":1,"gravestone:gravestone":1,"cobblemon:apricorn_leaves":2,"minecraft:crafting_table":3,"minecraft:grass_block":6,"minecraft:tall_grass":2,"minecraft:copper_ore":34,"minecraft:deepslate_gold_ore":14,"minecraft:grindstone":1,"minecraft:cartography_table":1,"minecraft:diorite":1,"minecraft:deepslate_copper_ore":5,"minecraft:hay_block":8,"minecraft:redstone_ore":7,"minecraft:furnace":1,"minecraft:birch_log":95,"minecraft:iron_ore":15,"minecraft:andesite":12,"minecraft:birch_leaves":5,"minecraft:deepslate_lapis_ore":4,"minecraft:grass":8,"minecraft:pointed_dripstone":4,"minecraft:oak_log":208,"minecraft:deepslate_iron_ore":42,"minecraft:acacia_fence":1,"minecraft:dripstone_block":7,"minecraft:sand":2,"minecraft:dirt":12,"minecraft:stonecutter":1,"minecraft:stone":83,"minecraft:gold_ore":10,"minecraft:oak_leaves":2,"minecraft:deepslate":77,"minecraft:orange_bed":2},"minecraft:killed":{"minecraft:sheep":7,"minecraft:zombie":5,"minecraft:chicken":1,"minecraft:cow":6},"minecraft:broken":{"minecraft:stone_axe":2}},"DataVersion":3465}