{"stats":{"minecraft:used":{"minecraft:cooked_mutton":9,"minecraft:stone_sword":63,"minecraft:stone_pickaxe":101,"minecraft:chest":2,"minecraft:wooden_pickaxe":28,"minecraft:cooked_chicken":1,"minecraft:torch":8,"minecraft:orange_bed":2,"minecraft:crafting_table":7,"minecraft:red_bed":1,"minecraft:wooden_axe":37,"minecraft:diamond_pickaxe":21,"minecraft:iron_pickaxe":227,"minecraft:stone_axe":263,"minecraft:cobblestone":27,"minecraft:furnace":5,"minecraft:cooked_beef":3},"minecraft:custom":{"minecraft:interact_with_furnace":23,"minecraft:mob_kills":21,"minecraft:interact_with_crafting_table":28,"minecraft:time_since_death":39718,"minecraft:sleep_in_bed":3,"minecraft:time_since_rest":39751,"minecraft:sprint_one_cm":376417,"minecraft:damage_taken":1626,"minecraft:walk_one_cm":342115,"minecraft:drop":27,"minecraft:damage_dealt":2585,"minecraft:swim_one_cm":5818,"minecraft:fly_one_cm":607341,"minecraft:crouch_one_cm":2862,"minecraft:open_chest":30,"minecraft:play_time":155472,"minecraft:deaths":2,"minecraft:sneak_time":1889,"minecraft:walk_under_water_one_cm":7464,"minecraft:jump":810,"minecraft:walk_on_water_one_cm":21929,"minecraft:total_world_time":155472,"minecraft:fall_one_cm":23863},"minecraft:dropped":{"minecraft:porkchop":2,"minecraft:cobbled_deepslate":18,"minecraft:pointed_dripstone":7,"minecraft:tuff":2,"minecraft:feather":1,"minecraft:dripstone_block":5,"minecraft:rotten_flesh":12,"minecraft:clay_ball":2,"minecraft:oak_planks":1,"minecraft:cooked_mutton":4,"cobblemon:roseate_ball":4,"minecraft:rabbit_hide":3,"minecraft:dirt":18,"minecraft:red_bed":1,"minecraft:rabbit":1,"gravestone:obituary":2,"minecraft:sand":2,"minecraft:stone_pickaxe":2,"minecraft:wooden_pickaxe":1},"minecraft:crafted":{"minecraft:cooked_beef":6,"minecraft:oak_planks":72,"minecraft:iron_helmet":1,"minecraft:crafting_table":4,"cobblemon:verdant_ball":4,"minecraft:wooden_pickaxe":1,"minecraft:cooked_chicken":1,"cobblemon:slate_ball":4,"minecraft:furnace":4,"minecraft:copper_ingot":11,"cobblemon:roseate_ball":4,"cobblemon:premier_ball":4,"minecraft:stone_axe":3,"minecraft:cooked_mutton":13,"minecraft:iron_chestplate":1,"minecraft:diamond_pickaxe":1,"minecraft:charcoal":25,"minecraft:stick":24,"minecraft:iron_ingot":31,"minecraft:iron_pickaxe":1,"minecraft:stone_pickaxe":2,"minecraft:wooden_axe":1,"minecraft:stone_sword":1,"minecraft:chest":2,"minecraft:iron_leggings":1,"minecraft:torch":24},"minecraft:picked_up":{"minecraft:birch_log":89,"minecraft:crafting_table":3,"minecraft:air":0,"minecraft:feather":1,"minecraft:chicken":3,"minecraft:clay_ball":2,"cobblemon:yellow_apricorn":1,"minecraft:leather":4,"cobblemon:roseate_ball":4,"minecraft:tuff":2,"cobblemon:slate_ball":2,"minecraft:oak_log":219,"minecraft:lapis_lazuli":7,"minecraft:string":1,"minecraft:dirt":18,"minecraft:red_bed":1,"cobblemon:pink_apricorn_seed":1,"minecraft:raw_copper":147,"minecraft:cooked_mutton":4,"cobblemon:white_apricorn":5,"minecraft:raw_gold":24,"minecraft:cobbled_deepslate":91,"minecraft:stonecutter":1,"minecraft:wheat_seeds":1,"cobblemon:black_apricorn":4,"minecraft:cartography_table":1,"cobblemon:green_apricorn":10,"minecraft:iron_ingot":1,"minecraft:rabbit_hide":3,"minecraft:beef":14,"minecraft:grindstone":1,"minecraft:rabbit":1,"minecraft:birch_sapling":1,"cobblemon:green_apricorn_seed":2,"cobbledex:cobbledex_item":1,"minecraft:egg":2,"minecraft:furnace":1,"cobblemon:chilan_berry":10,"minecraft:stick":3,"minecraft:raw_iron":58,"patchouli:guide_book":2,"cobblemon:payapa_berry":1,"cobblemon:black_apricorn_seed":1,"minecraft:torch":1,"minecraft:dripstone_block":5,"minecraft:porkchop":2,"minecraft:sand":2,"cobblemon:persim_berry":15,"minecraft:pointed_dripstone":7,"cobblemon:pink_apricorn":5,"minecraft:redstone":117,"minecraft:orange_bed":2,"minecraft:honey_bottle":1,"minecraft:rotten_flesh":19,"minecraft:diamond":8,"minecraft:hay_block":8,"minecraft:oak_sapling":2,"minecraft:obsidian":20,"cobblemon:verdant_ball":3,"minecraft:mutton":13,"minecraft:white_wool":9,"minecraft:cobblestone":80},"minecraft:mined":{"minecraft:deepslate_redstone_ore":19,"minecraft:tuff":2,"minecraft:deepslate_diamond_ore":4,"minecraft:obsidian":20,"minecraft:torch":1,"gravestone:gravestone":1,"cobblemon:apricorn_leaves":2,"minecraft:crafting_table":3,"minecraft:grass_block":6,"minecraft:tall_grass":2,"minecraft:copper_ore":34,"minecraft:deepslate_gold_ore":14,"minecraft:grindstone":1,"minecraft:cartography_table":1,"minecraft:diorite":1,"minecraft:deepslate_copper_ore":5,"minecraft:hay_block":8,"minecraft:redstone_ore":7,"minecraft:furnace":1,"minecraft:birch_log":95,"minecraft:iron_ore":15,"minecraft:andesite":12,"minecraft:birch_leaves":5,"minecraft:deepslate_lapis_ore":4,"minecraft:grass":8,"minecraft:pointed_dripstone":4,"minecraft:oak_log":208,"minecraft:deepslate_iron_ore":43,"minecraft:acacia_fence":1,"minecraft:dripstone_block":7,"minecraft:sand":2,"minecraft:dirt":12,"minecraft:stonecutter":1,"minecraft:stone":83,"minecraft:gold_ore":10,"minecraft:oak_leaves":2,"minecraft:deepslate":77,"minecraft:orange_bed":2},"minecraft:killed":{"minecraft:sheep":7,"minecraft:zombie":7,"minecraft:chicken":1,"minecraft:cow":6},"minecraft:broken":{"minecraft:stone_axe":2}},"DataVersion":3465}