{"stats":{"minecraft:used":{"minecraft:red_bed":1},"minecraft:custom":{"minecraft:jump":77,"minecraft:open_chest":1,"minecraft:time_since_rest":3717,"minecraft:walk_on_water_one_cm":2876,"minecraft:deaths":1,"minecraft:sprint_one_cm":16909,"minecraft:play_time":29472,"minecraft:damage_taken":95,"minecraft:time_since_death":3679,"minecraft:walk_one_cm":29672,"minecraft:sleep_in_bed":1,"minecraft:sneak_time":240,"minecraft:total_world_time":29472,"minecraft:walk_under_water_one_cm":127,"minecraft:drop":2,"minecraft:fall_one_cm":896,"minecraft:fly_one_cm":524337},"minecraft:dropped":{"gravestone:obituary":1,"minecraft:red_bed":1},"minecraft:picked_up":{"patchouli:guide_book":2,"cobbledex:cobbledex_item":1,"minecraft:red_bed":1}},"DataVersion":3465}