{"stats":{"minecraft:used":{"minecraft:stone_sword":19,"minecraft:stone_pickaxe":21,"minecraft:chest":2,"minecraft:wooden_pickaxe":28,"minecraft:cooked_chicken":1,"minecraft:crafting_table":4,"minecraft:red_bed":1,"minecraft:wooden_axe":37,"minecraft:stone_axe":58,"minecraft:furnace":2,"minecraft:cooked_beef":2},"minecraft:custom":{"minecraft:interact_with_furnace":8,"minecraft:mob_kills":10,"minecraft:interact_with_crafting_table":7,"minecraft:time_since_death":45679,"minecraft:sleep_in_bed":1,"minecraft:time_since_rest":45717,"minecraft:sprint_one_cm":208016,"minecraft:damage_taken":115,"minecraft:walk_one_cm":159047,"minecraft:drop":4,"minecraft:damage_dealt":890,"minecraft:swim_one_cm":4699,"minecraft:fly_one_cm":561161,"minecraft:open_chest":14,"minecraft:play_time":71472,"minecraft:deaths":1,"minecraft:sneak_time":252,"minecraft:walk_under_water_one_cm":1019,"minecraft:jump":306,"minecraft:walk_on_water_one_cm":8409,"minecraft:total_world_time":71472,"minecraft:fall_one_cm":4346},"minecraft:dropped":{"minecraft:oak_planks":1,"minecraft:red_bed":1,"gravestone:obituary":1,"minecraft:sand":2},"minecraft:crafted":{"minecraft:cooked_beef":6,"minecraft:oak_planks":64,"minecraft:crafting_table":1,"minecraft:wooden_pickaxe":1,"minecraft:cooked_chicken":1,"minecraft:furnace":1,"minecraft:stone_axe":1,"minecraft:charcoal":8,"minecraft:stick":12,"minecraft:stone_pickaxe":1,"minecraft:wooden_axe":1,"minecraft:stone_sword":1,"minecraft:chest":2},"minecraft:picked_up":{"minecraft:birch_log":17,"minecraft:crafting_table":3,"minecraft:air":0,"minecraft:chicken":2,"cobblemon:yellow_apricorn":1,"minecraft:leather":4,"minecraft:oak_log":101,"minecraft:dirt":12,"minecraft:red_bed":1,"cobblemon:pink_apricorn_seed":1,"minecraft:raw_copper":27,"cobblemon:white_apricorn":5,"minecraft:stonecutter":1,"cobblemon:black_apricorn":4,"minecraft:cartography_table":1,"cobblemon:green_apricorn":5,"minecraft:beef":14,"minecraft:grindstone":1,"cobbledex:cobbledex_item":1,"minecraft:egg":2,"minecraft:furnace":1,"cobblemon:chilan_berry":9,"patchouli:guide_book":2,"cobblemon:black_apricorn_seed":1,"minecraft:sand":2,"cobblemon:persim_berry":15,"cobblemon:pink_apricorn":5,"minecraft:orange_bed":1,"minecraft:hay_block":8,"minecraft:mutton":7,"minecraft:white_wool":5,"minecraft:cobblestone":29},"minecraft:mined":{"cobblemon:apricorn_leaves":2,"minecraft:crafting_table":3,"minecraft:grass_block":2,"minecraft:tall_grass":1,"minecraft:copper_ore":8,"minecraft:grindstone":1,"minecraft:cartography_table":1,"minecraft:hay_block":8,"minecraft:furnace":1,"minecraft:birch_log":17,"minecraft:birch_leaves":1,"minecraft:grass":5,"minecraft:oak_log":88,"minecraft:acacia_fence":1,"minecraft:sand":2,"minecraft:dirt":10,"minecraft:stonecutter":1,"minecraft:stone":29,"minecraft:orange_bed":1},"minecraft:killed":{"minecraft:sheep":3,"minecraft:chicken":1,"minecraft:cow":6}},"DataVersion":3465}