{"stats":{"minecraft:used":{"minecraft:wooden_axe":37,"minecraft:stone_sword":12,"minecraft:chest":2,"minecraft:wooden_pickaxe":28,"minecraft:cooked_chicken":1,"minecraft:stone_axe":56,"minecraft:crafting_table":4,"minecraft:red_bed":1,"minecraft:furnace":2},"minecraft:custom":{"minecraft:time_since_rest":27717,"minecraft:interact_with_furnace":6,"minecraft:sprint_one_cm":120460,"minecraft:damage_taken":95,"minecraft:walk_one_cm":112640,"minecraft:mob_kills":7,"minecraft:drop":2,"minecraft:damage_dealt":640,"minecraft:interact_with_crafting_table":6,"minecraft:fly_one_cm":547402,"minecraft:open_chest":7,"minecraft:play_time":53472,"minecraft:deaths":1,"minecraft:sneak_time":240,"minecraft:walk_under_water_one_cm":127,"minecraft:jump":224,"minecraft:walk_on_water_one_cm":2876,"minecraft:time_since_death":27679,"minecraft:sleep_in_bed":1,"minecraft:total_world_time":53472,"minecraft:fall_one_cm":3255},"minecraft:dropped":{"minecraft:red_bed":1,"gravestone:obituary":1},"minecraft:crafted":{"minecraft:oak_planks":64,"minecraft:crafting_table":1,"minecraft:stick":12,"minecraft:stone_sword":1,"minecraft:stone_pickaxe":1,"minecraft:cooked_chicken":1,"minecraft:wooden_pickaxe":1,"minecraft:wooden_axe":1,"minecraft:chest":2,"minecraft:furnace":1,"minecraft:stone_axe":1},"minecraft:picked_up":{"cobblemon:chilan_berry":9,"minecraft:birch_log":17,"minecraft:crafting_table":3,"minecraft:chicken":1,"patchouli:guide_book":2,"cobblemon:yellow_apricorn":1,"minecraft:leather":4,"cobblemon:black_apricorn_seed":1,"minecraft:oak_log":101,"cobblemon:pink_apricorn":5,"minecraft:red_bed":1,"minecraft:dirt":7,"cobblemon:pink_apricorn_seed":1,"cobblemon:white_apricorn":5,"cobblemon:black_apricorn":4,"cobblemon:green_apricorn":4,"minecraft:beef":14,"cobbledex:cobbledex_item":1,"minecraft:furnace":1,"minecraft:cobblestone":25,"minecraft:egg":2},"minecraft:mined":{"minecraft:furnace":1,"minecraft:birch_log":17,"minecraft:birch_leaves":1,"minecraft:crafting_table":3,"cobblemon:apricorn_leaves":2,"minecraft:grass":3,"minecraft:grass_block":2,"minecraft:oak_log":88,"minecraft:dirt":5,"minecraft:tall_grass":1,"minecraft:stone":25},"minecraft:killed":{"minecraft:chicken":1,"minecraft:cow":6}},"DataVersion":3465}