{"stats":{"minecraft:used":{"minecraft:mangrove_boat":1,"minecraft:mangrove_planks":2,"minecraft:wooden_pickaxe":17,"minecraft:sand":1,"minecraft:mangrove_roots":3,"minecraft:crafting_table":1},"minecraft:custom":{"minecraft:time_since_rest":33981,"minecraft:sprint_one_cm":29469,"minecraft:damage_taken":100,"minecraft:walk_one_cm":103596,"minecraft:damage_dealt":146,"minecraft:swim_one_cm":18256,"minecraft:interact_with_crafting_table":2,"minecraft:fly_one_cm":12726,"minecraft:open_chest":1,"minecraft:crouch_one_cm":123,"minecraft:play_time":33981,"minecraft:sneak_time":19,"minecraft:walk_under_water_one_cm":6172,"minecraft:boat_one_cm":136114,"minecraft:jump":392,"minecraft:walk_on_water_one_cm":9840,"minecraft:time_since_death":33981,"minecraft:climb_one_cm":581,"minecraft:total_world_time":33981,"minecraft:fall_one_cm":4269},"minecraft:crafted":{"minecraft:crafting_table":1,"minecraft:stick":8,"minecraft:wooden_pickaxe":1,"minecraft:mangrove_boat":1,"minecraft:mangrove_planks":28},"minecraft:picked_up":{"minecraft:mud":1,"cobblemon:yellow_apricorn":4,"cobblemon:black_apricorn_seed":1,"minecraft:sand":8,"cobblemon:yellow_apricorn_seed":2,"minecraft:lily_pad":2,"cobblemon:black_apricorn":5,"minecraft:kelp":30,"cobblemon:oran_berry":4,"minecraft:mangrove_roots":3,"cobblemon:medicinal_leek":9,"minecraft:bamboo":84,"minecraft:melon_slice":6,"minecraft:mangrove_propagule":1,"minecraft:mangrove_log":7,"minecraft:cobblestone":14},"minecraft:mined":{"minecraft:mud":1,"minecraft:mangrove_roots":3,"minecraft:mangrove_leaves":3,"cobblemon:medicinal_leek":5,"minecraft:grass":4,"minecraft:melon":1,"minecraft:vine":3,"minecraft:jungle_log":1,"minecraft:sand":10,"minecraft:mangrove_log":9,"minecraft:bamboo":9,"minecraft:stone":14,"minecraft:fern":2}},"DataVersion":3465}