{"stats":{"minecraft:used":{"minecraft:mangrove_boat":1,"minecraft:cooked_mutton":3,"minecraft:stone_pickaxe":4,"minecraft:mangrove_planks":12,"minecraft:wooden_pickaxe":35,"minecraft:cooked_chicken":1,"minecraft:sand":8,"minecraft:mutton":1,"minecraft:crafting_table":2,"minecraft:stone_axe":13,"minecraft:mangrove_roots":3,"minecraft:furnace":1},"minecraft:custom":{"minecraft:interact_with_furnace":6,"minecraft:mob_kills":8,"minecraft:interact_with_crafting_table":9,"minecraft:time_since_death":57981,"minecraft:climb_one_cm":1567,"minecraft:time_since_rest":57981,"minecraft:sprint_one_cm":31759,"minecraft:damage_taken":210,"minecraft:walk_one_cm":224432,"minecraft:drop":7,"minecraft:damage_dealt":907,"minecraft:swim_one_cm":18256,"minecraft:fly_one_cm":13864,"minecraft:open_chest":1,"minecraft:crouch_one_cm":123,"minecraft:play_time":57981,"minecraft:sneak_time":30,"minecraft:walk_under_water_one_cm":12379,"minecraft:boat_one_cm":136114,"minecraft:jump":669,"minecraft:walk_on_water_one_cm":20116,"minecraft:total_world_time":57981,"minecraft:fall_one_cm":7204},"minecraft:dropped":{"minecraft:mangrove_propagule":1,"minecraft:spruce_fence":1,"cobbledex:cobbledex_item":1,"minecraft:lily_pad":6,"minecraft:dandelion":1},"minecraft:crafted":{"minecraft:crafting_table":2,"minecraft:wooden_pickaxe":1,"minecraft:cooked_chicken":1,"minecraft:furnace":1,"minecraft:mangrove_boat":1,"minecraft:mangrove_planks":28,"minecraft:birch_planks":8,"minecraft:stone_axe":1,"minecraft:cooked_mutton":5,"minecraft:stick":8,"minecraft:stone_pickaxe":1},"minecraft:picked_up":{"minecraft:birch_log":7,"minecraft:mud":1,"minecraft:feather":1,"minecraft:chicken":1,"cobblemon:yellow_apricorn":5,"minecraft:birch_planks":4,"minecraft:lily_pad":6,"cobblemon:wepear_berry":6,"minecraft:string":1,"minecraft:cracked_stone_bricks":1,"minecraft:kelp":30,"cobblemon:black_apricorn":5,"minecraft:wheat_seeds":1,"minecraft:spruce_planks":2,"minecraft:beef":1,"cobblemon:oran_berry":16,"cobblemon:relic_coin":33,"minecraft:bamboo":84,"minecraft:melon_slice":6,"minecraft:mangrove_planks":1,"cobbledex:cobbledex_item":1,"minecraft:mangrove_log":7,"cobblemon:black_apricorn_seed":1,"unimplemented_items:dry_root":2,"minecraft:dandelion":2,"minecraft:spruce_fence":1,"cobblemon:cheri_berry":6,"minecraft:sand":8,"cobblemon:yellow_apricorn_seed":2,"minecraft:mangrove_roots":3,"cobblemon:medicinal_leek":9,"minecraft:mangrove_propagule":3,"minecraft:mutton":6,"minecraft:white_wool":5,"minecraft:cobblestone":20},"minecraft:mined":{"minecraft:spruce_planks":2,"minecraft:mangrove_roots":3,"minecraft:dandelion":1,"minecraft:grass_block":1,"minecraft:spruce_fence":4,"minecraft:melon":1,"minecraft:jungle_log":1,"minecraft:tall_grass":1,"minecraft:chiseled_stone_bricks":1,"minecraft:mud":1,"minecraft:birch_log":7,"minecraft:birch_leaves":11,"minecraft:mangrove_planks":1,"minecraft:mangrove_leaves":3,"cobblemon:medicinal_leek":5,"minecraft:grass":34,"minecraft:vine":3,"minecraft:sand":10,"minecraft:infested_cracked_stone_bricks":1,"minecraft:mangrove_log":9,"minecraft:cracked_stone_bricks":1,"minecraft:bamboo":9,"minecraft:stone_bricks":1,"minecraft:stone":14,"minecraft:fern":2},"minecraft:killed":{"cobblemon:pokemon":1,"minecraft:sheep":5,"minecraft:chicken":1,"minecraft:cow":1}},"DataVersion":3465}