{"stats":{"minecraft:used":{"minecraft:mangrove_boat":1,"minecraft:cooked_mutton":5,"minecraft:stone_pickaxe":13,"minecraft:mangrove_planks":12,"minecraft:spruce_planks":4,"minecraft:wooden_pickaxe":35,"minecraft:cooked_chicken":1,"minecraft:cracked_stone_bricks":1,"minecraft:white_wool":5,"minecraft:sand":8,"minecraft:mutton":1,"minecraft:crafting_table":2,"minecraft:stone_bricks":1,"minecraft:stone_axe":24,"minecraft:mangrove_roots":3,"minecraft:furnace":1},"minecraft:custom":{"minecraft:interact_with_furnace":7,"minecraft:mob_kills":9,"minecraft:interact_with_crafting_table":9,"minecraft:interact_with_campfire":1,"minecraft:time_since_death":69981,"minecraft:climb_one_cm":4430,"minecraft:time_since_rest":69981,"minecraft:sprint_one_cm":72786,"minecraft:damage_taken":250,"minecraft:walk_one_cm":254090,"minecraft:drop":8,"minecraft:damage_dealt":1017,"minecraft:swim_one_cm":18256,"minecraft:fly_one_cm":23846,"minecraft:open_chest":1,"minecraft:crouch_one_cm":123,"minecraft:play_time":69981,"minecraft:sneak_time":30,"minecraft:walk_under_water_one_cm":20380,"minecraft:boat_one_cm":136114,"minecraft:jump":857,"minecraft:walk_on_water_one_cm":31713,"minecraft:total_world_time":69981,"minecraft:fall_one_cm":9630},"minecraft:dropped":{"minecraft:mangrove_propagule":1,"minecraft:spruce_fence":5,"cobbledex:cobbledex_item":1,"minecraft:lily_pad":6,"minecraft:dandelion":1},"minecraft:crafted":{"minecraft:crafting_table":2,"minecraft:wooden_pickaxe":1,"minecraft:cooked_chicken":1,"minecraft:furnace":1,"minecraft:mangrove_boat":1,"minecraft:mangrove_planks":28,"minecraft:birch_planks":8,"minecraft:stone_axe":1,"minecraft:cooked_mutton":5,"minecraft:stick":8,"minecraft:stone_pickaxe":1},"minecraft:picked_up":{"minecraft:birch_log":12,"minecraft:mud":1,"minecraft:feather":1,"minecraft:chicken":1,"cobblemon:yellow_apricorn":5,"minecraft:birch_planks":4,"minecraft:lily_pad":6,"cobblemon:wepear_berry":6,"minecraft:string":1,"minecraft:raw_copper":26,"minecraft:stone_bricks":1,"minecraft:cracked_stone_bricks":1,"minecraft:kelp":30,"cobblemon:black_apricorn":5,"minecraft:wheat_seeds":1,"minecraft:spruce_planks":5,"minecraft:beef":1,"cobblemon:oran_berry":24,"cobblemon:relic_coin":74,"minecraft:bamboo":84,"minecraft:melon_slice":6,"minecraft:mangrove_planks":1,"cobbledex:cobbledex_item":1,"minecraft:mangrove_log":7,"cobblemon:black_apricorn_seed":1,"unimplemented_items:dry_root":2,"minecraft:dandelion":2,"minecraft:spruce_fence":9,"cobblemon:cheri_berry":6,"minecraft:sand":8,"cobblemon:yellow_apricorn_seed":2,"minecraft:cauldron":1,"minecraft:mangrove_roots":3,"cobblemon:medicinal_leek":9,"minecraft:mangrove_propagule":3,"minecraft:mutton":6,"minecraft:white_wool":5,"minecraft:cobblestone":20},"minecraft:mined":{"minecraft:spruce_planks":5,"minecraft:mangrove_roots":3,"minecraft:dandelion":1,"minecraft:grass_block":1,"minecraft:spruce_fence":4,"minecraft:melon":1,"minecraft:jungle_log":1,"minecraft:copper_ore":8,"minecraft:tall_grass":1,"minecraft:chiseled_stone_bricks":1,"minecraft:cauldron":1,"minecraft:mud":1,"minecraft:birch_log":12,"minecraft:birch_leaves":11,"minecraft:mangrove_planks":1,"minecraft:mangrove_leaves":3,"cobblemon:medicinal_leek":5,"minecraft:grass":34,"minecraft:oak_log":1,"minecraft:vine":3,"minecraft:sand":10,"minecraft:infested_cracked_stone_bricks":1,"minecraft:mangrove_log":9,"minecraft:cracked_stone_bricks":1,"minecraft:bamboo":9,"minecraft:stone_bricks":1,"minecraft:stone":14,"minecraft:fern":2},"minecraft:killed":{"cobblemon:pokemon":2,"minecraft:sheep":5,"minecraft:chicken":1,"minecraft:cow":1}},"DataVersion":3465}