{"stats":{"minecraft:custom":{"minecraft:jump":112,"minecraft:time_since_rest":9981,"minecraft:damage_dealt":136,"minecraft:crouch_one_cm":101,"minecraft:damage_taken":80,"minecraft:sprint_one_cm":15263,"minecraft:play_time":9981,"minecraft:walk_on_water_one_cm":3071,"minecraft:time_since_death":9981,"minecraft:walk_one_cm":32715,"minecraft:sneak_time":14,"minecraft:climb_one_cm":84,"minecraft:total_world_time":9981,"minecraft:walk_under_water_one_cm":1792,"minecraft:swim_one_cm":12683,"minecraft:fall_one_cm":2471,"minecraft:fly_one_cm":9564},"minecraft:picked_up":{"minecraft:sand":7},"minecraft:mined":{"minecraft:grass":3,"minecraft:jungle_log":1,"minecraft:sand":9,"minecraft:fern":1}},"DataVersion":3465}