{"stats":{"minecraft:used":{"minecraft:mangrove_boat":1,"minecraft:mangrove_planks":10,"minecraft:wooden_pickaxe":18,"minecraft:sand":3,"minecraft:mangrove_roots":3,"minecraft:crafting_table":1},"minecraft:custom":{"minecraft:time_since_rest":45981,"minecraft:sprint_one_cm":31564,"minecraft:damage_taken":200,"minecraft:walk_one_cm":171902,"minecraft:mob_kills":7,"minecraft:drop":1,"minecraft:damage_dealt":727,"minecraft:swim_one_cm":18256,"minecraft:interact_with_crafting_table":2,"minecraft:fly_one_cm":13690,"minecraft:open_chest":1,"minecraft:crouch_one_cm":123,"minecraft:play_time":45981,"minecraft:sneak_time":30,"minecraft:walk_under_water_one_cm":12379,"minecraft:boat_one_cm":136114,"minecraft:jump":564,"minecraft:walk_on_water_one_cm":19711,"minecraft:time_since_death":45981,"minecraft:climb_one_cm":589,"minecraft:total_world_time":45981,"minecraft:fall_one_cm":6577},"minecraft:dropped":{"cobbledex:cobbledex_item":1},"minecraft:crafted":{"minecraft:crafting_table":1,"minecraft:stick":8,"minecraft:wooden_pickaxe":1,"minecraft:mangrove_boat":1,"minecraft:mangrove_planks":28},"minecraft:picked_up":{"minecraft:mud":1,"minecraft:feather":1,"minecraft:chicken":1,"cobblemon:yellow_apricorn":4,"unimplemented_items:dry_root":1,"cobblemon:black_apricorn_seed":1,"minecraft:dandelion":1,"cobblemon:cheri_berry":6,"minecraft:sand":8,"cobblemon:yellow_apricorn_seed":2,"minecraft:lily_pad":2,"minecraft:string":1,"minecraft:wheat_seeds":1,"cobblemon:black_apricorn":5,"minecraft:kelp":30,"minecraft:beef":1,"cobblemon:oran_berry":16,"minecraft:mangrove_roots":3,"cobblemon:medicinal_leek":9,"minecraft:bamboo":84,"minecraft:melon_slice":6,"minecraft:mangrove_planks":1,"minecraft:mutton":6,"cobbledex:cobbledex_item":1,"minecraft:mangrove_propagule":1,"minecraft:mangrove_log":7,"minecraft:white_wool":5,"minecraft:cobblestone":14},"minecraft:mined":{"minecraft:mud":1,"minecraft:dandelion":1,"minecraft:mangrove_roots":3,"minecraft:mangrove_planks":1,"minecraft:mangrove_leaves":3,"cobblemon:medicinal_leek":5,"minecraft:grass":32,"minecraft:grass_block":1,"minecraft:melon":1,"minecraft:vine":3,"minecraft:jungle_log":1,"minecraft:sand":10,"minecraft:mangrove_log":9,"minecraft:tall_grass":1,"minecraft:bamboo":9,"minecraft:stone":14,"minecraft:fern":2},"minecraft:killed":{"minecraft:sheep":5,"minecraft:chicken":1,"minecraft:cow":1}},"DataVersion":3465}