{"stats":{"minecraft:used":{"minecraft:mangrove_boat":1,"minecraft:crafting_table":1,"minecraft:mangrove_roots":3},"minecraft:custom":{"minecraft:time_since_rest":21981,"minecraft:crouch_one_cm":101,"minecraft:play_time":21981,"minecraft:sprint_one_cm":24730,"minecraft:damage_taken":80,"minecraft:walk_one_cm":52688,"minecraft:sneak_time":14,"minecraft:walk_under_water_one_cm":3870,"minecraft:boat_one_cm":40860,"minecraft:jump":185,"minecraft:damage_dealt":146,"minecraft:time_since_death":21981,"minecraft:walk_on_water_one_cm":8134,"minecraft:total_world_time":21981,"minecraft:climb_one_cm":360,"minecraft:interact_with_crafting_table":2,"minecraft:swim_one_cm":18256,"minecraft:fly_one_cm":11103,"minecraft:fall_one_cm":2680},"minecraft:crafted":{"minecraft:mangrove_boat":1,"minecraft:mangrove_planks":28,"minecraft:crafting_table":1,"minecraft:stick":8,"minecraft:wooden_pickaxe":1},"minecraft:picked_up":{"minecraft:kelp":30,"minecraft:sand":7,"minecraft:mangrove_roots":3,"minecraft:mangrove_log":7,"minecraft:mangrove_propagule":1},"minecraft:mined":{"minecraft:grass":3,"minecraft:vine":3,"minecraft:jungle_log":1,"minecraft:sand":9,"minecraft:mangrove_log":9,"minecraft:mangrove_roots":3,"minecraft:mangrove_leaves":3,"minecraft:fern":1}},"DataVersion":3465}