{
  "minecraft:recipes/redstone/lever": {
    "criteria": {
      "has_cobblestone": "2024-08-15 00:43:30 +0000"
    },
    "done": true
  },
  "minecraft:recipes/combat/leather_helmet": {
    "criteria": {
      "has_leather": "2024-08-15 00:38:49 +0000"
    },
    "done": true
  },
  "minecraft:recipes/misc/melon_seeds": {
    "criteria": {
      "has_melon": "2024-08-15 00:42:42 +0000"
    },
    "done": true
  },
  "minecraft:recipes/decorations/ladder": {
    "criteria": {
      "has_stick": "2024-08-15 00:40:13 +0000"
    },
    "done": true
  },
  "minecraft:recipes/food/cake": {
    "criteria": {
      "has_egg": "2024-08-15 01:20:51 +0000"
    },
    "done": true
  },
  "minecraft:recipes/combat/leather_leggings": {
    "criteria": {
      "has_leather": "2024-08-15 00:38:49 +0000"
    },
    "done": true
  },
  "travelersbackpack:recipes/misc/coal": {
    "criteria": {
      "has_coal": "2024-08-15 00:46:44 +0000"
    },
    "done": true
  },
  "cobblemon:recipes/blocks/healing_machine": {
    "criteria": {
      "has_copper_ingot": "2024-08-15 00:49:01 +0000"
    },
    "done": true
  },
  "cobblepedia:recipes/cobblepedia": {
    "criteria": {
      "has_apricorn": "2024-08-15 00:21:40 +0000"
    },
    "done": true
  },
  "cobblemon:recipes/balls/heal_ball": {
    "criteria": {
      "has_white_apricorn": "2024-08-15 00:22:20 +0000",
      "has_pink_apricorn": "2024-08-15 00:21:40 +0000"
    },
    "done": true
  },
  "minecraft:recipes/food/cooked_chicken_from_campfire_cooking": {
    "criteria": {
      "has_chicken": "2024-08-15 00:53:23 +0000"
    },
    "done": true
  },
  "minecraft:recipes/food/cooked_mutton_from_smoking": {
    "criteria": {
      "has_mutton": "2024-08-15 00:45:47 +0000"
    },
    "done": true
  },
  "cobblemon:recipes/balls/dive_ball": {
    "criteria": {
      "has_white_apricorn": "2024-08-15 00:22:20 +0000"
    },
    "done": false
  },
  "cobblemon:recipes/balls/premier_ball": {
    "criteria": {
      "has_white_apricorn": "2024-08-15 00:22:20 +0000"
    },
    "done": true
  },
  "minecraft:recipes/decorations/oak_sign": {
    "criteria": {
      "has_planks": "2024-08-15 00:40:06 +0000"
    },
    "done": true
  },
  "minecraft:recipes/redstone/oak_trapdoor": {
    "criteria": {
      "has_planks": "2024-08-15 00:40:06 +0000"
    },
    "done": true
  },
  "cobblemon:recipes/agriculture/black_apricorn_smelt_to_dye": {
    "criteria": {
      "has_apricorn": "2024-08-15 01:00:44 +0000"
    },
    "done": true
  },
  "minecraft:recipes/combat/stone_sword": {
    "criteria": {
      "has_cobblestone": "2024-08-15 00:43:30 +0000"
    },
    "done": true
  },
  "minecraft:recipes/decorations/cobblestone_wall": {
    "criteria": {
      "has_cobblestone": "2024-08-15 00:43:30 +0000"
    },
    "done": true
  },
  "cobblemon:recipes/balls/dream_ball": {
    "criteria": {
      "has_red_apricorn": "2024-08-15 00:48:47 +0000",
      "has_pink_apricorn": "2024-08-15 00:21:40 +0000"
    },
    "done": false
  },
  "cobblemon:recipes/balls/repeat_ball": {
    "criteria": {
      "has_black_apricorn": "2024-08-15 01:00:44 +0000",
      "has_yellow_apricorn": "2024-08-15 00:22:16 +0000",
      "has_red_apricorn": "2024-08-15 00:48:47 +0000"
    },
    "done": true
  },
  "minecraft:recipes/food/cooked_chicken": {
    "criteria": {
      "has_chicken": "2024-08-15 00:53:23 +0000"
    },
    "done": true
  },
  "minecraft:recipes/tools/stone_axe": {
    "criteria": {
      "has_cobblestone": "2024-08-15 00:43:30 +0000"
    },
    "done": true
  },
  "minecraft:recipes/building_blocks/raw_iron_block": {
    "criteria": {
      "has_raw_iron": "2024-08-15 00:47:14 +0000"
    },
    "done": true
  },
  "cobblemon:recipes/transportation/apricorn_boat": {
    "criteria": {
      "in_water": "2024-08-15 00:43:24 +0000"
    },
    "done": true
  },
  "cobblemon:craft_base_balls": {
    "criteria": {
      "premier_ball": "2024-08-15 00:49:24 +0000",
      "citrine_ball": "2024-08-15 00:49:30 +0000"
    },
    "done": false
  },
  "minecraft:story/mine_stone": {
    "criteria": {
      "get_stone": "2024-08-15 00:43:30 +0000"
    },
    "done": true
  },
  "minecraft:recipes/decorations/furnace": {
    "criteria": {
      "has_cobblestone": "2024-08-15 00:43:30 +0000"
    },
    "done": true
  },
  "cobblemon:recipes/balls/heavy_ball": {
    "criteria": {
      "has_black_apricorn": "2024-08-15 01:00:44 +0000"
    },
    "done": false
  },
  "minecraft:recipes/tools/wooden_axe": {
    "criteria": {
      "has_stick": "2024-08-15 00:40:13 +0000"
    },
    "done": true
  },
  "cobblemon:recipes/balls/moon_ball": {
    "criteria": {
      "has_black_apricorn": "2024-08-15 01:00:44 +0000",
      "has_white_apricorn": "2024-08-15 00:22:20 +0000",
      "has_yellow_apricorn": "2024-08-15 00:22:16 +0000"
    },
    "done": false
  },
  "cobblemon:recipes/balls/dusk_ball": {
    "criteria": {
      "has_black_apricorn": "2024-08-15 01:00:44 +0000"
    },
    "done": false
  },
  "minecraft:recipes/decorations/painting": {
    "criteria": {
      "has_wool": "2024-08-15 00:45:47 +0000"
    },
    "done": true
  },
  "minecraft:recipes/combat/arrow": {
    "criteria": {
      "has_feather": "2024-08-15 00:53:18 +0000"
    },
    "done": true
  },
  "cobblemon_armor_sets:parent": {
    "criteria": {
      "parent_0": "2024-08-15 00:51:46 +0000"
    },
    "done": true
  },
  "minecraft:recipes/food/cooked_rabbit": {
    "criteria": {
      "has_rabbit": "2024-08-15 00:51:47 +0000"
    },
    "done": true
  },
  "cobblemon:recipes/balls/love_ball": {
    "criteria": {
      "has_white_apricorn": "2024-08-15 00:22:20 +0000",
      "has_pink_apricorn": "2024-08-15 00:21:40 +0000"
    },
    "done": true
  },
  "minecraft:recipes/combat/leather_chestplate": {
    "criteria": {
      "has_leather": "2024-08-15 00:38:49 +0000"
    },
    "done": true
  },
  "cobblemon:recipes/balls/ultra_ball": {
    "criteria": {
      "has_black_apricorn": "2024-08-15 01:00:44 +0000",
      "has_yellow_apricorn": "2024-08-15 00:22:16 +0000"
    },
    "done": true
  },
  "travelersbackpack:recipes/misc/crafting_upgrade": {
    "criteria": {
      "has_crafting_table": "2024-08-15 00:40:09 +0000"
    },
    "done": true
  },
  "minecraft:recipes/decorations/smoker": {
    "criteria": {
      "has_furnace": "2024-08-15 00:44:22 +0000"
    },
    "done": true
  },
  "minecraft:recipes/decorations/crafting_table": {
    "criteria": {
      "unlock_right_away": "2024-08-15 00:13:13 +0000"
    },
    "done": true
  },
  "minecraft:recipes/decorations/chest": {
    "criteria": {
      "has_lots_of_items": "2024-08-15 00:38:48 +0000"
    },
    "done": true
  },
  "minecraft:recipes/misc/stick": {
    "criteria": {
      "has_planks": "2024-08-15 00:40:06 +0000"
    },
    "done": true
  },
  "minecraft:recipes/food/cooked_rabbit_from_smoking": {
    "criteria": {
      "has_rabbit": "2024-08-15 00:51:47 +0000"
    },
    "done": true
  },
  "cobblemon:root": {
    "criteria": {
      "picked_starter": "2024-08-15 00:19:06 +0000"
    },
    "done": true
  },
  "cobblemon:recipes/balls/level_ball": {
    "criteria": {
      "has_black_apricorn": "2024-08-15 01:00:44 +0000",
      "has_red_apricorn": "2024-08-15 00:48:47 +0000",
      "has_yellow_apricorn": "2024-08-15 00:22:16 +0000",
      "has_pink_apricorn": "2024-08-15 00:21:40 +0000"
    },
    "done": true
  },
  "minecraft:adventure/sleep_in_bed": {
    "criteria": {
      "slept_in_bed": "2024-08-15 00:41:53 +0000"
    },
    "done": true
  },
  "minecraft:recipes/food/cooked_rabbit_from_campfire_cooking": {
    "criteria": {
      "has_rabbit": "2024-08-15 00:51:47 +0000"
    },
    "done": true
  },
  "minecraft:recipes/building_blocks/cobblestone_slab_from_cobblestone_stonecutting": {
    "criteria": {
      "has_cobblestone": "2024-08-15 00:43:30 +0000"
    },
    "done": true
  },
  "minecraft:recipes/building_blocks/oak_stairs": {
    "criteria": {
      "has_planks": "2024-08-15 00:40:06 +0000"
    },
    "done": true
  },
  "minecraft:recipes/transportation/cherry_boat": {
    "criteria": {
      "in_water": "2024-08-15 00:43:24 +0000"
    },
    "done": true
  },
  "minecraft:recipes/redstone/lightning_rod": {
    "criteria": {
      "has_copper_ingot": "2024-08-15 00:49:01 +0000"
    },
    "done": true
  },
  "cobblemon:harvest_apricorn_seed": {
    "criteria": {
      "check_inv": "2024-08-15 00:48:19 +0000"
    },
    "done": true
  },
  "minecraft:recipes/decorations/oak_fence": {
    "criteria": {
      "has_planks": "2024-08-15 00:40:06 +0000"
    },
    "done": true
  },
  "minecraft:recipes/building_blocks/stone": {
    "criteria": {
      "has_cobblestone": "2024-08-15 00:43:30 +0000"
    },
    "done": true
  },
  "minecraft:recipes/transportation/bamboo_raft": {
    "criteria": {
      "in_water": "2024-08-15 00:43:24 +0000"
    },
    "done": true
  },
  "cobblemon:recipes/balls/nest_ball": {
    "criteria": {
      "has_yellow_apricorn": "2024-08-15 00:22:16 +0000"
    },
    "done": false
  },
  "cobblemon:recipes/agriculture/yellow_apricorn_smelt_to_dye": {
    "criteria": {
      "has_apricorn": "2024-08-15 00:22:16 +0000"
    },
    "done": true
  },
  "travelersbackpack:recipes/decorations/white_sleeping_bag": {
    "criteria": {
      "has_white_wool": "2024-08-15 00:45:47 +0000"
    },
    "done": true
  },
  "minecraft:recipes/transportation/spruce_boat": {
    "criteria": {
      "in_water": "2024-08-15 00:43:24 +0000"
    },
    "done": true
  },
  "cobblemon:harvest_apricorn": {
    "criteria": {
      "check_inv": "2024-08-15 00:21:40 +0000"
    },
    "done": true
  },
  "minecraft:recipes/misc/leather_horse_armor": {
    "criteria": {
      "has_leather": "2024-08-15 00:38:49 +0000"
    },
    "done": true
  },
  "cobblemon:recipes/balls/safari_ball": {
    "criteria": {
      "has_white_apricorn": "2024-08-15 00:22:20 +0000",
      "has_yellow_apricorn": "2024-08-15 00:22:16 +0000"
    },
    "done": false
  },
  "minecraft:husbandry/root": {
    "criteria": {
      "consumed_item": "2024-08-15 00:43:07 +0000"
    },
    "done": true
  },
  "minecraft:recipes/transportation/birch_boat": {
    "criteria": {
      "in_water": "2024-08-15 00:43:24 +0000"
    },
    "done": true
  },
  "cobblemon:recipes/balls/roseate_ball": {
    "criteria": {
      "has_pink_apricorn": "2024-08-15 00:21:40 +0000"
    },
    "done": true
  },
  "travelersbackpack:recipes/misc/chicken": {
    "criteria": {
      "has_feather": "2024-08-15 00:53:18 +0000"
    },
    "done": true
  },
  "minecraft:recipes/decorations/white_carpet": {
    "criteria": {
      "has_white_wool": "2024-08-15 00:45:47 +0000"
    },
    "done": true
  },
  "minecraft:recipes/transportation/oak_boat": {
    "criteria": {
      "in_water": "2024-08-15 00:43:24 +0000"
    },
    "done": true
  },
  "cobblemon:recipes/balls/slate_ball": {
    "criteria": {
      "has_black_apricorn": "2024-08-15 01:00:44 +0000"
    },
    "done": true
  },
  "cobblemon:recipes/agriculture/red_apricorn_smelt_to_dye": {
    "criteria": {
      "has_apricorn": "2024-08-15 00:48:47 +0000"
    },
    "done": true
  },
  "minecraft:recipes/building_blocks/coal_block": {
    "criteria": {
      "has_coal": "2024-08-15 00:46:44 +0000"
    },
    "done": true
  },
  "cobblemon:recipes/balls/fast_ball": {
    "criteria": {
      "has_white_apricorn": "2024-08-15 00:22:20 +0000",
      "has_red_apricorn": "2024-08-15 00:48:47 +0000",
      "has_yellow_apricorn": "2024-08-15 00:22:16 +0000"
    },
    "done": true
  },
  "travelersbackpack:recipes/misc/horse": {
    "criteria": {
      "has_leather": "2024-08-15 00:38:49 +0000"
    },
    "done": true
  },
  "minecraft:recipes/redstone/oak_button": {
    "criteria": {
      "has_planks": "2024-08-15 00:40:06 +0000"
    },
    "done": true
  },
  "cobblemon:recipes/held/cell_battery": {
    "criteria": {
      "has_copper": "2024-08-15 00:49:01 +0000"
    },
    "done": true
  },
  "cobblemon:any_plant": {
    "criteria": {
      "check_inv": "2024-08-15 00:21:40 +0000"
    },
    "done": true
  },
  "minecraft:recipes/building_blocks/copper_block": {
    "criteria": {
      "has_copper_ingot": "2024-08-15 00:49:01 +0000"
    },
    "done": true
  },
  "minecraft:recipes/transportation/mangrove_boat": {
    "criteria": {
      "in_water": "2024-08-15 00:43:24 +0000"
    },
    "done": true
  },
  "minecraft:recipes/decorations/torch": {
    "criteria": {
      "has_stone_pickaxe": "2024-08-15 00:43:48 +0000"
    },
    "done": true
  },
  "cobblemon:recipes/balls/citrine_ball": {
    "criteria": {
      "has_yellow_apricorn": "2024-08-15 00:22:16 +0000"
    },
    "done": true
  },
  "minecraft:recipes/misc/copper_ingot_from_blasting_raw_copper": {
    "criteria": {
      "has_raw_copper": "2024-08-15 00:43:55 +0000"
    },
    "done": true
  },
  "minecraft:recipes/food/cooked_beef_from_smoking": {
    "criteria": {
      "has_beef": "2024-08-15 00:38:48 +0000"
    },
    "done": true
  },
  "minecraft:recipes/brewing/glistering_melon_slice": {
    "criteria": {
      "has_melon": "2024-08-15 00:42:42 +0000"
    },
    "done": true
  },
  "minecraft:recipes/building_blocks/oak_slab": {
    "criteria": {
      "has_planks": "2024-08-15 00:40:06 +0000"
    },
    "done": true
  },
  "minecraft:recipes/building_blocks/raw_copper_block": {
    "criteria": {
      "has_raw_copper": "2024-08-15 00:43:55 +0000"
    },
    "done": true
  },
  "minecraft:recipes/tools/brush": {
    "criteria": {
      "has_copper_ingot": "2024-08-15 00:49:01 +0000"
    },
    "done": true
  },
  "cobblemon:recipes/balls/friend_ball": {
    "criteria": {
      "has_yellow_apricorn": "2024-08-15 00:22:16 +0000",
      "has_red_apricorn": "2024-08-15 00:48:47 +0000"
    },
    "done": false
  },
  "minecraft:recipes/misc/iron_ingot_from_smelting_raw_iron": {
    "criteria": {
      "has_raw_iron": "2024-08-15 00:47:14 +0000"
    },
    "done": true
  },
  "minecraft:recipes/tools/stone_pickaxe": {
    "criteria": {
      "has_cobblestone": "2024-08-15 00:43:30 +0000"
    },
    "done": true
  },
  "cobblemon:recipes/balls/great_ball": {
    "criteria": {
      "has_red_apricorn": "2024-08-15 00:48:47 +0000"
    },
    "done": false
  },
  "minecraft:recipes/food/cooked_mutton": {
    "criteria": {
      "has_mutton": "2024-08-15 00:45:47 +0000"
    },
    "done": true
  },
  "minecraft:recipes/decorations/campfire": {
    "criteria": {
      "has_stick": "2024-08-15 00:40:13 +0000"
    },
    "done": true
  },
  "minecraft:recipes/tools/wooden_hoe": {
    "criteria": {
      "has_stick": "2024-08-15 00:40:13 +0000"
    },
    "done": true
  },
  "travelersbackpack:recipes/misc/sheep": {
    "criteria": {
      "has_white_wool": "2024-08-15 00:45:47 +0000"
    },
    "done": true
  },
  "minecraft:recipes/decorations/white_banner": {
    "criteria": {
      "has_white_wool": "2024-08-15 00:45:47 +0000"
    },
    "done": true
  },
  "minecraft:recipes/food/cooked_chicken_from_smoking": {
    "criteria": {
      "has_chicken": "2024-08-15 00:53:23 +0000"
    },
    "done": true
  },
  "minecraft:recipes/redstone/oak_fence_gate": {
    "criteria": {
      "has_planks": "2024-08-15 00:40:06 +0000"
    },
    "done": true
  },
  "cobblemon:recipes/balls/net_ball": {
    "criteria": {
      "has_black_apricorn": "2024-08-15 01:00:44 +0000",
      "has_white_apricorn": "2024-08-15 00:22:20 +0000"
    },
    "done": false
  },
  "minecraft:recipes/misc/charcoal": {
    "criteria": {
      "has_log": "2024-08-15 00:40:01 +0000"
    },
    "done": true
  },
  "minecraft:recipes/tools/wooden_pickaxe": {
    "criteria": {
      "has_stick": "2024-08-15 00:40:13 +0000"
    },
    "done": true
  },
  "minecraft:recipes/decorations/item_frame": {
    "criteria": {
      "has_leather": "2024-08-15 00:38:49 +0000"
    },
    "done": true
  },
  "cobblemon:first_catch": {
    "criteria": {
      "catch": "2024-08-15 00:51:11 +0000"
    },
    "done": true
  },
  "minecraft:story/upgrade_tools": {
    "criteria": {
      "stone_pickaxe": "2024-08-15 00:43:48 +0000"
    },
    "done": true
  },
  "travelersbackpack:recipes/misc/melon": {
    "criteria": {
      "has_melon_slice": "2024-08-15 00:42:42 +0000"
    },
    "done": true
  },
  "minecraft:recipes/redstone/oak_pressure_plate": {
    "criteria": {
      "has_planks": "2024-08-15 00:40:06 +0000"
    },
    "done": true
  },
  "cobblemon:recipes/balls/quick_ball": {
    "criteria": {
      "has_yellow_apricorn": "2024-08-15 00:22:16 +0000"
    },
    "done": false
  },
  "cobblemon:recipes/balls/park_ball": {
    "criteria": {
      "has_red_apricorn": "2024-08-15 00:48:47 +0000"
    },
    "done": false
  },
  "minecraft:recipes/redstone/oak_door": {
    "criteria": {
      "has_planks": "2024-08-15 00:40:06 +0000"
    },
    "done": true
  },
  "minecraft:recipes/building_blocks/melon": {
    "criteria": {
      "has_melon": "2024-08-15 00:42:42 +0000"
    },
    "done": true
  },
  "minecraft:recipes/food/cooked_mutton_from_campfire_cooking": {
    "criteria": {
      "has_mutton": "2024-08-15 00:45:47 +0000"
    },
    "done": true
  },
  "minecraft:recipes/tools/wooden_shovel": {
    "criteria": {
      "has_stick": "2024-08-15 00:40:13 +0000"
    },
    "done": true
  },
  "minecraft:recipes/building_blocks/cobblestone_slab": {
    "criteria": {
      "has_cobblestone": "2024-08-15 00:43:30 +0000"
    },
    "done": true
  },
  "cobblemon:recipes/held/silk_scarf": {
    "criteria": {
      "has_wool": "2024-08-15 00:45:47 +0000"
    },
    "done": true
  },
  "megamons:grant_megamons_guide": {
    "criteria": {
      "tick": "2024-08-15 00:19:06 +0000"
    },
    "done": true
  },
  "cobblemon:recipes/agriculture/white_apricorn_smelt_to_dye": {
    "criteria": {
      "has_apricorn": "2024-08-15 00:22:20 +0000"
    },
    "done": true
  },
  "minecraft:recipes/transportation/acacia_boat": {
    "criteria": {
      "in_water": "2024-08-15 00:43:24 +0000"
    },
    "done": true
  },
  "minecraft:adventure/root": {
    "criteria": {
      "killed_something": "2024-08-15 00:38:47 +0000"
    },
    "done": true
  },
  "cobblemon:craft_all_balls": {
    "criteria": {
      "citrine_ball": "2024-08-15 00:49:30 +0000",
      "premier_ball": "2024-08-15 00:49:24 +0000"
    },
    "done": false
  },
  "cobblemon:recipes/balls/luxury_ball": {
    "criteria": {
      "has_black_apricorn": "2024-08-15 01:00:44 +0000",
      "has_yellow_apricorn": "2024-08-15 00:22:16 +0000",
      "has_red_apricorn": "2024-08-15 00:48:47 +0000"
    },
    "done": true
  },
  "minecraft:recipes/misc/iron_ingot_from_blasting_raw_iron": {
    "criteria": {
      "has_raw_iron": "2024-08-15 00:47:14 +0000"
    },
    "done": true
  },
  "cobblemon:recipes/balls/sport_ball": {
    "criteria": {
      "has_white_apricorn": "2024-08-15 00:22:20 +0000",
      "has_red_apricorn": "2024-08-15 00:48:47 +0000"
    },
    "done": true
  },
  "minecraft:recipes/combat/wooden_sword": {
    "criteria": {
      "has_stick": "2024-08-15 00:40:13 +0000"
    },
    "done": true
  },
  "minecraft:recipes/building_blocks/oak_planks": {
    "criteria": {
      "has_logs": "2024-08-15 00:40:01 +0000"
    },
    "done": true
  },
  "cobblemon:craft_poke_ball": {
    "criteria": {
      "requirement": "2024-08-15 00:49:24 +0000"
    },
    "done": true
  },
  "minecraft:adventure/adventuring_time": {
    "criteria": {
      "minecraft:eroded_badlands": "2024-08-15 00:20:27 +0000",
      "minecraft:birch_forest": "2024-08-15 01:04:23 +0000",
      "minecraft:bamboo_jungle": "2024-08-15 00:45:29 +0000",
      "minecraft:savanna_plateau": "2024-08-15 00:52:21 +0000",
      "minecraft:beach": "2024-08-15 00:21:41 +0000",
      "minecraft:dark_forest": "2024-08-15 00:45:51 +0000",
      "minecraft:stony_peaks": "2024-08-15 00:54:12 +0000",
      "minecraft:sparse_jungle": "2024-08-15 00:21:36 +0000",
      "minecraft:lukewarm_ocean": "2024-08-15 00:21:56 +0000",
      "minecraft:river": "2024-08-15 00:21:33 +0000",
      "minecraft:stony_shore": "2024-08-15 00:21:48 +0000",
      "minecraft:dripstone_caves": "2024-08-15 00:46:30 +0000",
      "minecraft:forest": "2024-08-15 00:40:05 +0000",
      "minecraft:desert": "2024-08-15 00:13:14 +0000",
      "minecraft:jungle": "2024-08-15 00:46:14 +0000",
      "minecraft:old_growth_birch_forest": "2024-08-15 00:41:23 +0000",
      "minecraft:savanna": "2024-08-15 00:20:59 +0000",
      "minecraft:plains": "2024-08-15 00:21:06 +0000"
    },
    "done": false
  },
  "minecraft:recipes/decorations/barrel": {
    "criteria": {
      "has_planks": "2024-08-15 00:40:06 +0000"
    },
    "done": true
  },
  "minecraft:recipes/combat/leather_boots": {
    "criteria": {
      "has_leather": "2024-08-15 00:38:49 +0000"
    },
    "done": true
  },
  "minecraft:recipes/decorations/cobblestone_wall_from_cobblestone_stonecutting": {
    "criteria": {
      "has_cobblestone": "2024-08-15 00:43:30 +0000"
    },
    "done": true
  },
  "minecraft:recipes/misc/stick_from_bamboo_item": {
    "criteria": {
      "has_bamboo": "2024-08-15 00:45:38 +0000"
    },
    "done": true
  },
  "minecraft:recipes/building_blocks/cobblestone_stairs_from_cobblestone_stonecutting": {
    "criteria": {
      "has_cobblestone": "2024-08-15 00:43:30 +0000"
    },
    "done": true
  },
  "cobblemon:recipes/balls/timer_ball": {
    "criteria": {
      "has_black_apricorn": "2024-08-15 01:00:44 +0000",
      "has_white_apricorn": "2024-08-15 00:22:20 +0000",
      "has_red_apricorn": "2024-08-15 00:48:47 +0000"
    },
    "done": true
  },
  "minecraft:recipes/decorations/white_bed": {
    "criteria": {
      "has_white_wool": "2024-08-15 00:45:47 +0000"
    },
    "done": true
  },
  "minecraft:husbandry/balanced_diet": {
    "criteria": {
      "melon_slice": "2024-08-15 00:43:07 +0000"
    },
    "done": false
  },
  "minecraft:recipes/building_blocks/cobblestone_stairs": {
    "criteria": {
      "has_cobblestone": "2024-08-15 00:43:30 +0000"
    },
    "done": true
  },
  "minecraft:recipes/building_blocks/bamboo_block": {
    "criteria": {
      "has_bamboo": "2024-08-15 00:45:38 +0000"
    },
    "done": true
  },
  "minecraft:recipes/tools/stone_hoe": {
    "criteria": {
      "has_cobblestone": "2024-08-15 00:43:30 +0000"
    },
    "done": true
  },
  "cobblepedia:grant_cobblepedia": {
    "criteria": {
      "picked_starter": "2024-08-15 00:19:06 +0000"
    },
    "done": true
  },
  "cobblemon:recipes/balls/lure_ball": {
    "criteria": {
      "has_red_apricorn": "2024-08-15 00:48:47 +0000"
    },
    "done": false
  },
  "travelersbackpack:recipes/misc/cake": {
    "criteria": {
      "has_egg": "2024-08-15 01:20:51 +0000"
    },
    "done": true
  },
  "minecraft:recipes/decorations/scaffolding": {
    "criteria": {
      "has_bamboo": "2024-08-15 00:45:38 +0000"
    },
    "done": true
  },
  "minecraft:recipes/tools/stone_shovel": {
    "criteria": {
      "has_cobblestone": "2024-08-15 00:43:30 +0000"
    },
    "done": true
  },
  "minecraft:recipes/building_blocks/oak_wood": {
    "criteria": {
      "has_log": "2024-08-15 00:40:01 +0000"
    },
    "done": true
  },
  "minecraft:story/root": {
    "criteria": {
      "crafting_table": "2024-08-15 00:40:09 +0000"
    },
    "done": true
  },
  "cobblemon:recipes/balls/poke_ball": {
    "criteria": {
      "has_red_apricorn": "2024-08-15 00:48:47 +0000"
    },
    "done": true
  },
  "cobblemon:recipes/agriculture/pink_apricorn_smelt_to_dye": {
    "criteria": {
      "has_apricorn": "2024-08-15 00:21:40 +0000"
    },
    "done": true
  },
  "minecraft:recipes/food/cooked_beef": {
    "criteria": {
      "has_beef": "2024-08-15 00:38:48 +0000"
    },
    "done": true
  },
  "minecraft:recipes/misc/copper_ingot_from_smelting_raw_copper": {
    "criteria": {
      "has_raw_copper": "2024-08-15 00:43:55 +0000"
    },
    "done": true
  },
  "minecraft:recipes/transportation/jungle_boat": {
    "criteria": {
      "in_water": "2024-08-15 00:43:24 +0000"
    },
    "done": true
  },
  "minecraft:recipes/transportation/dark_oak_boat": {
    "criteria": {
      "in_water": "2024-08-15 00:43:24 +0000"
    },
    "done": true
  },
  "minecraft:recipes/food/cooked_beef_from_campfire_cooking": {
    "criteria": {
      "has_beef": "2024-08-15 00:38:48 +0000"
    },
    "done": true
  },
  "DataVersion": 3465
}