{
  "minecraft:recipes/decorations/crafting_table": {
    "criteria": {
      "unlock_right_away": "2024-08-15 00:11:35 +0000"
    },
    "done": true
  },
  "cobblemon:root": {
    "criteria": {
      "picked_starter": "2024-08-15 00:19:12 +0000"
    },
    "done": true
  },
  "megamons:grant_megamons_guide": {
    "criteria": {
      "tick": "2024-08-15 00:19:12 +0000"
    },
    "done": true
  },
  "minecraft:adventure/adventuring_time": {
    "criteria": {
      "minecraft:badlands": "2024-08-15 00:20:53 +0000",
      "minecraft:beach": "2024-08-15 00:21:07 +0000",
      "minecraft:sparse_jungle": "2024-08-15 00:21:02 +0000",
      "minecraft:lukewarm_ocean": "2024-08-15 00:21:11 +0000",
      "minecraft:river": "2024-08-15 00:20:54 +0000",
      "minecraft:forest": "2024-08-15 00:23:55 +0000",
      "minecraft:desert": "2024-08-15 00:11:36 +0000",
      "minecraft:jungle": "2024-08-15 00:22:06 +0000",
      "minecraft:savanna": "2024-08-15 00:23:20 +0000",
      "minecraft:plains": "2024-08-15 00:20:59 +0000"
    },
    "done": false
  },
  "cobblepedia:grant_cobblepedia": {
    "criteria": {
      "picked_starter": "2024-08-15 00:19:12 +0000"
    },
    "done": true
  },
  "DataVersion": 3465
}