{
  "cobblemon:recipes/transportation/apricorn_boat": {
    "criteria": {
      "in_water": "2024-08-15 00:33:14 +0000"
    },
    "done": true
  },
  "minecraft:recipes/decorations/crafting_table": {
    "criteria": {
      "unlock_right_away": "2024-08-15 00:11:35 +0000"
    },
    "done": true
  },
  "cobblemon:root": {
    "criteria": {
      "picked_starter": "2024-08-15 00:19:12 +0000"
    },
    "done": true
  },
  "minecraft:adventure/sleep_in_bed": {
    "criteria": {
      "slept_in_bed": "2024-08-15 00:30:53 +0000"
    },
    "done": true
  },
  "minecraft:recipes/transportation/cherry_boat": {
    "criteria": {
      "in_water": "2024-08-15 00:33:14 +0000"
    },
    "done": true
  },
  "minecraft:recipes/transportation/bamboo_raft": {
    "criteria": {
      "in_water": "2024-08-15 00:33:14 +0000"
    },
    "done": true
  },
  "minecraft:recipes/transportation/spruce_boat": {
    "criteria": {
      "in_water": "2024-08-15 00:33:14 +0000"
    },
    "done": true
  },
  "minecraft:recipes/transportation/birch_boat": {
    "criteria": {
      "in_water": "2024-08-15 00:33:14 +0000"
    },
    "done": true
  },
  "minecraft:recipes/transportation/oak_boat": {
    "criteria": {
      "in_water": "2024-08-15 00:33:14 +0000"
    },
    "done": true
  },
  "minecraft:recipes/transportation/mangrove_boat": {
    "criteria": {
      "in_water": "2024-08-15 00:33:14 +0000"
    },
    "done": true
  },
  "megamons:grant_megamons_guide": {
    "criteria": {
      "tick": "2024-08-15 00:19:12 +0000"
    },
    "done": true
  },
  "minecraft:recipes/transportation/acacia_boat": {
    "criteria": {
      "in_water": "2024-08-15 00:33:14 +0000"
    },
    "done": true
  },
  "minecraft:adventure/adventuring_time": {
    "criteria": {
      "minecraft:deep_ocean": "2024-08-15 00:27:40 +0000",
      "minecraft:sunflower_plains": "2024-08-15 00:30:00 +0000",
      "minecraft:badlands": "2024-08-15 00:20:53 +0000",
      "minecraft:beach": "2024-08-15 00:21:07 +0000",
      "minecraft:dark_forest": "2024-08-15 00:27:17 +0000",
      "minecraft:sparse_jungle": "2024-08-15 00:21:02 +0000",
      "minecraft:lukewarm_ocean": "2024-08-15 00:21:11 +0000",
      "minecraft:river": "2024-08-15 00:20:54 +0000",
      "minecraft:forest": "2024-08-15 00:23:55 +0000",
      "minecraft:desert": "2024-08-15 00:11:36 +0000",
      "minecraft:jungle": "2024-08-15 00:22:06 +0000",
      "minecraft:ocean": "2024-08-15 00:26:58 +0000",
      "minecraft:savanna": "2024-08-15 00:23:20 +0000",
      "minecraft:plains": "2024-08-15 00:20:59 +0000"
    },
    "done": false
  },
  "cobblepedia:grant_cobblepedia": {
    "criteria": {
      "picked_starter": "2024-08-15 00:19:12 +0000"
    },
    "done": true
  },
  "minecraft:recipes/transportation/jungle_boat": {
    "criteria": {
      "in_water": "2024-08-15 00:33:14 +0000"
    },
    "done": true
  },
  "minecraft:recipes/transportation/dark_oak_boat": {
    "criteria": {
      "in_water": "2024-08-15 00:33:14 +0000"
    },
    "done": true
  },
  "DataVersion": 3465
}