{
  "uuid": "a0680ae2-e8a4-4c6a-bc06-ff99cee67d0b",
  "starterPrompted": true,
  "starterLocked": false,
  "starterSelected": true,
  "starterUUID": "d0e35afe-8324-47b9-a044-1c044f28997f",
  "keyItems": [],
  "battleTheme": "cobblemon:battle.pvp.default",
  "extraData": {
    "cobbledex_discovery": {
      "registers": {
        "sprigatito": {
          "normal": {
            "isShiny": false,
            "status": "CAUGHT",
            "discoveredTimestamp": 1723681146147,
            "caughtTimestamp": 1723681146147
          }
        },
        "pidgey": {
          "normal": {
            "isShiny": false,
            "status": "CAUGHT",
            "discoveredTimestamp": 1723683071865,
            "caughtTimestamp": 1723683071865
          }
        },
        "pichu": {
          "normal": {
            "isShiny": false,
            "status": "CAUGHT",
            "discoveredTimestamp": 1723683400971,
            "caughtTimestamp": 1723683400971
          }
        },
        "vulpix": {
          "normal": {
            "isShiny": false,
            "status": "CAUGHT",
            "discoveredTimestamp": 1723684310809,
            "caughtTimestamp": 1723684310809
          }
        },
        "farfetchd": {
          "galar": {
            "isShiny": false,
            "status": "SEEN",
            "discoveredTimestamp": 1723684319810
          }
        },
        "seedot": {
          "normal": {
            "isShiny": false,
            "status": "SEEN",
            "discoveredTimestamp": 1723684325059
          }
        },
        "butterfree": {
          "normal": {
            "isShiny": false,
            "status": "SEEN",
            "discoveredTimestamp": 1723684327817
          }
        },
        "flabebe": {
          "normal": {
            "isShiny": false,
            "status": "SEEN",
            "discoveredTimestamp": 1723684939311
          }
        },
        "patrat": {
          "normal": {
            "isShiny": false,
            "status": "SEEN",
            "discoveredTimestamp": 1723685223867
          }
        },
        "lapras": {
          "normal": {
            "isShiny": false,
            "status": "CAUGHT",
            "discoveredTimestamp": 1723686913823,
            "caughtTimestamp": 1723686913823
          }
        }
      },
      "name": "cobbledex_discovery"
    },
    "Cobbledex_RewardHistory": {
      "received": [],
      "name": "Cobbledex_RewardHistory"
    }
  },
  "advancementData": {
    "totalCaptureCount": 4,
    "totalEggsHatched": 0,
    "totalEvolvedCount": 0,
    "totalBattleVictoryCount": 14,
    "totalPvPBattleVictoryCount": 0,
    "totalPvWBattleVictoryCount": 14,
    "totalPvNBattleVictoryCount": 0,
    "totalShinyCaptureCount": 0,
    "totalTradedCount": 0,
    "totalTypeCaptureCounts": {
      "normal": 1,
      "flying": 1,
      "electric": 1,
      "fire": 1,
      "water": 1,
      "ice": 1
    },
    "totalDefeatedCounts": {
      "cobblemon:bunnelby": 1,
      "cobblemon:natu": 1,
      "cobblemon:lechonk": 1,
      "cobblemon:sentret": 1,
      "cobblemon:zigzagoon": 1,
      "cobblemon:caterpie": 1,
      "cobblemon:oddish": 1,
      "cobblemon:magikarp": 2,
      "cobblemon:cottonee": 1
    },
    "aspectsCollected": {}
  }
}