{
  "uuid": "c0d39163-4de5-421f-9b3d-8b1f41ab94d3",
  "starterPrompted": true,
  "starterLocked": false,
  "starterSelected": true,
  "starterUUID": "0c79a69d-778c-4b59-b7fb-a44e1781ec21",
  "keyItems": [],
  "battleTheme": "cobblemon:battle.pvp.default",
  "extraData": {
    "cobbledex_discovery": {
      "registers": {
        "charmander": {
          "normal": {
            "isShiny": false,
            "status": "CAUGHT",
            "discoveredTimestamp": 1723681152726,
            "caughtTimestamp": 1723681152726
          }
        },
        "spearow": {
          "normal": {
            "isShiny": false,
            "status": "SEEN",
            "discoveredTimestamp": 1723683801726
          }
        },
        "lillipup": {
          "normal": {
            "isShiny": false,
            "status": "SEEN",
            "discoveredTimestamp": 1723683827133
          }
        },
        "arbok": {
          "normal": {
            "isShiny": false,
            "status": "SEEN",
            "discoveredTimestamp": 1723683840584
          }
        },
        "koffing": {
          "normal": {
            "isShiny": false,
            "status": "SEEN",
            "discoveredTimestamp": 1723683887360
          }
        },
        "squawkabilly": {
          "normal": {
            "isShiny": false,
            "status": "SEEN",
            "discoveredTimestamp": 1723683924631
          }
        },
        "pelipper": {
          "normal": {
            "isShiny": false,
            "status": "SEEN",
            "discoveredTimestamp": 1723683981202
          }
        },
        "snubbull": {
          "normal": {
            "isShiny": false,
            "status": "SEEN",
            "discoveredTimestamp": 1723684016484
          }
        },
        "ekans": {
          "normal": {
            "isShiny": false,
            "status": "SEEN",
            "discoveredTimestamp": 1723684032753
          }
        },
        "krabby": {
          "normal": {
            "isShiny": false,
            "status": "SEEN",
            "discoveredTimestamp": 1723684072207
          }
        },
        "crabrawler": {
          "normal": {
            "isShiny": false,
            "status": "SEEN",
            "discoveredTimestamp": 1723684079358
          }
        },
        "doduo": {
          "normal": {
            "isShiny": false,
            "status": "SEEN",
            "discoveredTimestamp": 1723684105953
          }
        },
        "miltank": {
          "normal": {
            "isShiny": false,
            "status": "SEEN",
            "discoveredTimestamp": 1723684113257
          }
        },
        "fidough": {
          "normal": {
            "isShiny": false,
            "status": "SEEN",
            "discoveredTimestamp": 1723684194353
          }
        },
        "phanpy": {
          "normal": {
            "isShiny": false,
            "status": "SEEN",
            "discoveredTimestamp": 1723684219354
          }
        },
        "jigglypuff": {
          "normal": {
            "isShiny": false,
            "status": "CAUGHT",
            "discoveredTimestamp": 1723684321667,
            "caughtTimestamp": 1723684476222
          }
        },
        "butterfree": {
          "normal": {
            "isShiny": false,
            "status": "SEEN",
            "discoveredTimestamp": 1723684409056
          }
        },
        "oddish": {
          "normal": {
            "isShiny": false,
            "status": "SEEN",
            "discoveredTimestamp": 1723684414957
          }
        },
        "cutiefly": {
          "normal": {
            "isShiny": false,
            "status": "SEEN",
            "discoveredTimestamp": 1723684422857
          }
        },
        "sentret": {
          "normal": {
            "isShiny": false,
            "status": "SEEN",
            "discoveredTimestamp": 1723684553667
          }
        },
        "mareep": {
          "normal": {
            "isShiny": false,
            "status": "SEEN",
            "discoveredTimestamp": 1723684557481
          }
        },
        "wooloo": {
          "normal": {
            "isShiny": false,
            "status": "SEEN",
            "discoveredTimestamp": 1723684560718
          }
        },
        "patrat": {
          "normal": {
            "isShiny": false,
            "status": "SEEN",
            "discoveredTimestamp": 1723684569661
          }
        },
        "buneary": {
          "normal": {
            "isShiny": false,
            "status": "CAUGHT",
            "discoveredTimestamp": 1723684696159,
            "caughtTimestamp": 1723684696159
          }
        },
        "seedot": {
          "normal": {
            "isShiny": false,
            "status": "SEEN",
            "discoveredTimestamp": 1723684866276
          }
        }
      },
      "name": "cobbledex_discovery"
    },
    "Cobbledex_RewardHistory": {
      "received": [],
      "name": "Cobbledex_RewardHistory"
    }
  },
  "advancementData": {
    "totalCaptureCount": 2,
    "totalEggsHatched": 0,
    "totalEvolvedCount": 0,
    "totalBattleVictoryCount": 6,
    "totalPvPBattleVictoryCount": 0,
    "totalPvWBattleVictoryCount": 6,
    "totalPvNBattleVictoryCount": 0,
    "totalShinyCaptureCount": 0,
    "totalTradedCount": 0,
    "totalTypeCaptureCounts": {
      "normal": 2,
      "fairy": 1
    },
    "totalDefeatedCounts": {
      "cobblemon:mareep": 1,
      "cobblemon:doduo": 1,
      "cobblemon:ekans": 1,
      "cobblemon:crabrawler": 1
    },
    "aspectsCollected": {}
  }
}